LSOA code,LSOA name,LONG__y,LAT_y,Anti-social behaviour
E01008881,Birmingham 067A,-1.81463,52.4668,40
E01008882,Birmingham 066A,-1.82814,52.4663,24
E01008883,Birmingham 078A,-1.82302,52.4628,18
E01008884,Birmingham 078B,-1.83598,52.4603,26
E01008885,Birmingham 076A,-1.80704,52.4612,4
E01008886,Birmingham 076B,-1.81287,52.4603,41
E01008887,Birmingham 078C,-1.81983,52.4598,7
E01008888,Birmingham 076C,-1.80376,52.4582,8
E01008889,Birmingham 078D,-1.83296,52.4532,25
E01008890,Birmingham 089A,-1.82063,52.455,20
E01008891,Birmingham 089B,-1.80799,52.4517,26
E01008892,Birmingham 089C,-1.8252,52.4532,17
E01008893,Birmingham 089D,-1.81522,52.4518,3
E01008894,Birmingham 089E,-1.82147,52.448,30
E01008895,Birmingham 089F,-1.81191,52.4469,17
E01008896,Birmingham 066B,-1.81893,52.4724,9
E01008897,Birmingham 067B,-1.81238,52.472,10
E01008898,Birmingham 066C,-1.82324,52.4696,31
E01008899,Birmingham 037A,-1.87152,52.5079,14
E01008901,Birmingham 037C,-1.88233,52.5028,24
E01008905,Birmingham 040A,-1.91231,52.5013,25
E01008906,Birmingham 049A,-1.90761,52.5002,7
E01008907,Birmingham 040B,-1.91596,52.5013,40
E01008909,Birmingham 041D,-1.90218,52.4988,25
E01008910,Birmingham 050A,-1.88796,52.4969,67
E01008911,Birmingham 049B,-1.90608,52.4955,14
E01008913,Birmingham 050B,-1.89721,52.4959,34
E01008914,Birmingham 050C,-1.89878,52.4896,66
E01008915,Birmingham 030A,-1.87423,52.5174,19
E01008916,Birmingham 037E,-1.88303,52.5104,16
E01008917,Birmingham 102A,-2.00767,52.4414,4
E01008918,Birmingham 094A,-2.00009,52.4437,21
E01008919,Birmingham 095A,-1.97926,52.4451,6
E01008920,Birmingham 094B,-1.99733,52.4392,14
E01008921,Birmingham 094C,-2.0107,52.4461,11
E01008923,Birmingham 102B,-2.00587,52.4363,26
E01008924,Birmingham 101A,-1.98071,52.4369,39
E01008925,Birmingham 102C,-2.01338,52.4372,3
E01008927,Birmingham 102D,-2.01246,52.4314,28
E01008928,Birmingham 102E,-2.00425,52.4301,54
E01008929,Birmingham 106C,-1.98769,52.4306,63
E01008930,Birmingham 106D,-1.99275,52.4223,44
E01008931,Birmingham 094D,-1.9936,52.4464,23
E01008932,Birmingham 111A,-1.87458,52.4297,11
E01008933,Birmingham 105A,-1.86472,52.4306,23
E01008934,Birmingham 105B,-1.86154,52.4277,6
E01008935,Birmingham 111B,-1.87358,52.4244,62
E01008936,Birmingham 111C,-1.88353,52.4253,8
E01008937,Birmingham 115A,-1.86131,52.4216,12
E01008938,Birmingham 111D,-1.86772,52.422,13
E01008939,Birmingham 111E,-1.87145,52.4201,12
E01008940,Birmingham 115B,-1.85974,52.4149,94
E01008941,Birmingham 115C,-1.86504,52.4169,10
E01008942,Birmingham 117A,-1.87587,52.4106,23
E01008943,Birmingham 117B,-1.87832,52.4134,28
E01008944,Birmingham 115D,-1.85525,52.412,16
E01008945,Birmingham 122A,-1.86994,52.4122,27
E01008946,Birmingham 122B,-1.873,52.4071,3
E01008947,Birmingham 122C,-1.88247,52.4085,13
E01008948,Birmingham 122D,-1.88378,52.4043,23
E01008949,Birmingham 122E,-1.87964,52.4023,10
E01008950,Birmingham 113A,-1.94667,52.425,22
E01008951,Birmingham 112A,-1.93602,52.4266,2
E01008952,Birmingham 112B,-1.92107,52.4274,33
E01008953,Birmingham 107A,-1.91564,52.4249,10
E01008954,Birmingham 113B,-1.95377,52.422,7
E01008955,Birmingham 112C,-1.92592,52.4231,10
E01008956,Birmingham 112D,-1.93666,52.4209,4
E01008957,Birmingham 112E,-1.92362,52.4186,15
E01008958,Birmingham 113C,-1.95554,52.4192,23
E01008959,Birmingham 116A,-1.94338,52.4169,8
E01008960,Birmingham 116B,-1.93199,52.4181,4
E01008961,Birmingham 116C,-1.92971,52.4169,29
E01008962,Birmingham 116D,-1.95396,52.4129,56
E01008963,Birmingham 107B,-1.90427,52.4313,21
E01008964,Birmingham 107C,-1.91113,52.4354,8
E01008965,Birmingham 107D,-1.9125,52.4289,6
E01008966,Birmingham 107E,-1.90877,52.4234,30
E01008967,Birmingham 110A,-1.90033,52.422,15
E01008968,Birmingham 110B,-1.892,52.4249,10
E01008969,Birmingham 117C,-1.88159,52.4193,2
E01008970,Birmingham 110C,-1.90424,52.4227,6
E01008971,Birmingham 117D,-1.89082,52.4183,31
E01008972,Birmingham 118A,-1.91203,52.418,14
E01008973,Birmingham 118B,-1.90632,52.4159,12
E01008974,Birmingham 118C,-1.89696,52.4136,21
E01008975,Birmingham 118D,-1.9104,52.4109,12
E01008976,Birmingham 121A,-1.8891,52.4112,37
E01008977,Birmingham 123A,-1.91704,52.414,14
E01008978,Birmingham 121B,-1.89045,52.4067,39
E01008979,Birmingham 121C,-1.90812,52.4069,25
E01008980,Birmingham 121D,-1.89813,52.4066,27
E01008981,Birmingham 110D,-1.89741,52.4295,24
E01008982,Birmingham 079A,-1.91039,52.4554,13
E01008984,Birmingham 074A,-1.90402,52.4598,12
E01008986,Birmingham 064A,-1.94578,52.4742,26
E01008987,Birmingham 064B,-1.93239,52.4748,16
E01008988,Birmingham 064C,-1.93782,52.4735,33
E01008989,Birmingham 064D,-1.95029,52.4731,47
E01008990,Birmingham 064E,-1.92797,52.4671,22
E01008991,Birmingham 064F,-1.94514,52.4683,10
E01008992,Birmingham 079C,-1.93975,52.4622,4
E01008994,Birmingham 074B,-1.91082,52.4684,96
E01008995,Birmingham 134A,-1.90077,52.4654,77
E01008996,Birmingham 074C,-1.89823,52.4629,12
E01008997,Birmingham 074D,-1.91002,52.4619,8
E01008998,Birmingham 031A,-1.83676,52.5126,24
E01008999,Birmingham 031B,-1.84279,52.5149,14
E01009000,Birmingham 031C,-1.84656,52.5183,17
E01009001,Birmingham 018A,-1.84122,52.5363,10
E01009002,Birmingham 023A,-1.84389,52.5332,37
E01009003,Birmingham 018B,-1.82633,52.5321,25
E01009005,Birmingham 025A,-1.81963,52.5305,10
E01009006,Birmingham 023C,-1.84248,52.5314,14
E01009007,Birmingham 023D,-1.83908,52.5259,89
E01009008,Birmingham 028A,-1.82668,52.5255,4
E01009009,Birmingham 025B,-1.81935,52.5263,8
E01009011,Birmingham 028B,-1.82179,52.5208,17
E01009012,Birmingham 028C,-1.83237,52.52,10
E01009013,Birmingham 031D,-1.83937,52.5197,65
E01009014,Birmingham 090A,-1.84173,52.4444,14
E01009015,Birmingham 089G,-1.81965,52.4443,34
E01009016,Birmingham 098A,-1.83523,52.441,27
E01009017,Birmingham 097A,-1.84876,52.4453,6
E01009018,Birmingham 090B,-1.83199,52.4452,41
E01009019,Birmingham 103A,-1.8219,52.4366,21
E01009020,Birmingham 103B,-1.82516,52.4406,8
E01009021,Birmingham 103C,-1.81788,52.4404,18
E01009022,Birmingham 098B,-1.83144,52.4387,15
E01009023,Birmingham 098C,-1.83284,52.4337,8
E01009024,Birmingham 103D,-1.82685,52.432,20
E01009025,Birmingham 103E,-1.82062,52.4326,19
E01009026,Birmingham 090C,-1.84078,52.4501,25
E01009028,Birmingham 090D,-1.83653,52.4492,11
E01009029,Birmingham 090E,-1.83142,52.4484,21
E01009030,Birmingham 098D,-1.84097,52.4358,6
E01009031,Birmingham 105C,-1.85231,52.4304,7
E01009032,Birmingham 108A,-1.83816,52.4314,15
E01009033,Birmingham 103F,-1.8297,52.4271,11
E01009034,Birmingham 108B,-1.84498,52.4268,3
E01009035,Birmingham 108C,-1.83703,52.4272,20
E01009036,Birmingham 108D,-1.84034,52.422,3
E01009037,Birmingham 105D,-1.85426,52.4238,15
E01009039,Birmingham 132A,-1.84475,52.4182,1
E01009040,Birmingham 132B,-1.84975,52.4211,3
E01009041,Birmingham 132C,-1.83995,52.4163,7
E01009042,Birmingham 132D,-1.84656,52.4125,4
E01009043,Birmingham 097B,-1.84468,52.4409,29
E01009044,Birmingham 097C,-1.85576,52.441,14
E01009045,Birmingham 097D,-1.85028,52.4397,31
E01009046,Birmingham 097E,-1.85335,52.4353,6
E01009047,Birmingham 040C,-1.91077,52.5056,30
E01009048,Birmingham 040D,-1.91509,52.5055,52
E01009049,Birmingham 032A,-1.91789,52.5139,17
E01009050,Birmingham 035A,-1.91162,52.5163,36
E01009051,Birmingham 033A,-1.89949,52.5149,38
E01009053,Birmingham 033B,-1.8884,52.5124,39
E01009054,Birmingham 033C,-1.89794,52.5102,14
E01009056,Birmingham 032B,-1.92359,52.5099,34
E01009057,Birmingham 035D,-1.91388,52.5104,15
E01009058,Birmingham 033D,-1.89208,52.5104,13
E01009059,Birmingham 035E,-1.90838,52.5095,32
E01009060,Birmingham 035F,-1.90157,52.5075,20
E01009061,Birmingham 033E,-1.89506,52.5075,4
E01009062,Birmingham 040E,-1.90604,52.5055,18
E01009064,Birmingham 095B,-1.96574,52.4459,8
E01009065,Birmingham 075A,-1.95224,52.4656,18
E01009066,Birmingham 073A,-1.96163,52.4685,27
E01009067,Birmingham 075B,-1.96046,52.4614,11
E01009068,Birmingham 075C,-1.95231,52.4588,32
E01009069,Birmingham 075D,-1.94711,52.4595,19
E01009070,Birmingham 073B,-1.97157,52.4582,18
E01009071,Birmingham 087B,-1.96404,52.4524,19
E01009072,Birmingham 075E,-1.96101,52.4568,9
E01009073,Birmingham 085A,-1.97756,52.4511,20
E01009074,Birmingham 085B,-1.97462,52.4544,31
E01009075,Birmingham 087C,-1.94994,52.4541,30
E01009077,Birmingham 095C,-1.96154,52.4486,26
E01009078,Birmingham 087E,-1.95023,52.446,27
E01009079,Birmingham 038A,-1.81698,52.5066,18
E01009080,Birmingham 038B,-1.79929,52.5069,21
E01009081,Birmingham 038C,-1.80825,52.5037,13
E01009082,Birmingham 044A,-1.82374,52.5034,7
E01009083,Birmingham 038D,-1.80307,52.5033,21
E01009084,Birmingham 042A,-1.81061,52.499,8
E01009085,Birmingham 042B,-1.81574,52.5,4
E01009086,Birmingham 044B,-1.8241,52.4999,22
E01009087,Birmingham 042C,-1.80064,52.4994,19
E01009088,Birmingham 045A,-1.79667,52.4978,11
E01009089,Birmingham 042D,-1.80435,52.4939,5
E01009090,Birmingham 042E,-1.81327,52.4921,40
E01009091,Birmingham 045B,-1.79361,52.4935,10
E01009092,Birmingham 054A,-1.80073,52.4891,18
E01009093,Birmingham 054B,-1.79197,52.4889,22
E01009094,Birmingham 054C,-1.79871,52.4859,5
E01009095,Birmingham 056A,-1.81021,52.4874,44
E01009096,Birmingham 029A,-1.78958,52.5231,19
E01009097,Birmingham 029B,-1.78037,52.5179,23
E01009098,Birmingham 025C,-1.80688,52.5203,29
E01009099,Birmingham 029C,-1.78973,52.5198,29
E01009100,Birmingham 025D,-1.81222,52.5298,40
E01009101,Birmingham 029D,-1.79978,52.5131,30
E01009102,Birmingham 028D,-1.81904,52.5125,51
E01009103,Birmingham 029E,-1.79272,52.5141,22
E01009104,Birmingham 028E,-1.83183,52.5147,20
E01009105,Birmingham 025E,-1.79986,52.5248,9
E01009106,Birmingham 029F,-1.78218,52.5242,8
E01009107,Birmingham 128A,-1.93235,52.3995,93
E01009108,Birmingham 127A,-1.93951,52.4009,3
E01009109,Birmingham 123B,-1.92087,52.4023,12
E01009110,Birmingham 128B,-1.9245,52.3985,29
E01009111,Birmingham 127B,-1.94606,52.3997,15
E01009112,Birmingham 127C,-1.95337,52.3966,4
E01009113,Birmingham 128C,-1.93479,52.389,43
E01009114,Birmingham 128D,-1.94313,52.3959,23
E01009115,Birmingham 128E,-1.93811,52.3921,18
E01009116,Birmingham 127D,-1.93876,52.4083,18
E01009117,Birmingham 126A,-1.94858,52.4078,37
E01009118,Birmingham 127E,-1.94675,52.4026,5
E01009119,Birmingham 123C,-1.92666,52.4106,23
E01009120,Birmingham 123D,-1.92052,52.4063,25
E01009121,Birmingham 014A,-1.86543,52.5358,32
E01009122,Birmingham 014B,-1.87179,52.5412,21
E01009123,Birmingham 022A,-1.87104,52.5308,15
E01009124,Birmingham 022B,-1.8762,52.5303,33
E01009125,Birmingham 022C,-1.87292,52.5251,17
E01009126,Birmingham 026A,-1.8666,52.5261,5
E01009127,Birmingham 011A,-1.87391,52.5528,13
E01009128,Birmingham 011B,-1.88133,52.5519,33
E01009129,Birmingham 014C,-1.86926,52.5478,18
E01009130,Birmingham 011C,-1.87568,52.5494,24
E01009131,Birmingham 011D,-1.88163,52.5487,19
E01009132,Birmingham 014D,-1.86424,52.545,28
E01009133,Birmingham 011E,-1.87314,52.5458,7
E01009134,Birmingham 011F,-1.88209,52.5438,17
E01009135,Birmingham 010A,-1.85637,52.5425,7
E01009136,Birmingham 014E,-1.86418,52.5411,31
E01009137,Birmingham 011G,-1.87859,52.5399,37
E01009138,Birmingham 060A,-1.95853,52.4799,17
E01009139,Birmingham 060B,-1.96381,52.4803,8
E01009140,Birmingham 060C,-1.93142,52.4795,39
E01009141,Birmingham 137A,-1.92267,52.4822,41
E01009143,Birmingham 136A,-1.92639,52.477,27
E01009145,Birmingham 060D,-1.95164,52.4789,18
E01009146,Birmingham 136B,-1.91365,52.4732,106
E01009147,Birmingham 060E,-1.9634,52.4759,14
E01009151,Birmingham 053A,-1.94876,52.4846,19
E01009152,Birmingham 053B,-1.94306,52.4845,37
E01009153,Birmingham 053C,-1.92956,52.4829,35
E01009155,Birmingham 125B,-2.02486,52.4052,23
E01009157,Birmingham 125D,-2.00948,52.4075,12
E01009158,Birmingham 129A,-1.99451,52.4015,19
E01009159,Birmingham 130A,-2.00907,52.3982,31
E01009160,Birmingham 125E,-2.01874,52.3982,30
E01009161,Birmingham 125F,-2.02592,52.4025,35
E01009162,Birmingham 124A,-1.9876,52.4026,38
E01009163,Birmingham 129B,-1.9897,52.389,9
E01009164,Birmingham 130B,-2.0111,52.3907,5
E01009165,Birmingham 129C,-1.99329,52.3951,48
E01009166,Birmingham 131A,-1.97978,52.3931,14
E01009167,Birmingham 130C,-2.00648,52.3936,12
E01009168,Birmingham 131B,-1.9759,52.3919,5
E01009169,Birmingham 129D,-1.99978,52.392,9
E01009170,Birmingham 131C,-1.96967,52.3905,5
E01009171,Birmingham 130D,-2.00561,52.3886,16
E01009172,Birmingham 119A,-1.98683,52.4114,16
E01009173,Birmingham 119B,-1.99259,52.4111,20
E01009174,Birmingham 119C,-2.00328,52.4078,32
E01009175,Birmingham 104A,-1.88294,52.4332,12
E01009176,Birmingham 105E,-1.87011,52.4382,28
E01009177,Birmingham 104B,-1.89894,52.4344,13
E01009178,Birmingham 104C,-1.89348,52.4349,103
E01009179,Birmingham 104D,-1.88677,52.4295,15
E01009182,Birmingham 092A,-1.89085,52.4528,17
E01009183,Birmingham 088C,-1.89931,52.4479,9
E01009184,Birmingham 092B,-1.88953,52.4455,26
E01009185,Birmingham 093A,-1.87549,52.4401,12
E01009186,Birmingham 088D,-1.90236,52.4426,16
E01009187,Birmingham 092C,-1.88408,52.4431,12
E01009188,Birmingham 092D,-1.88793,52.4388,19
E01009189,Birmingham 104E,-1.88297,52.4365,8
E01009192,Birmingham 052B,-1.85448,52.4864,19
E01009194,Birmingham 051A,-1.84979,52.4859,36
E01009195,Birmingham 058A,-1.8396,52.485,36
E01009197,Birmingham 058C,-1.8402,52.4813,18
E01009198,Birmingham 058D,-1.85722,52.4806,29
E01009199,Birmingham 052D,-1.86673,52.4788,31
E01009200,Birmingham 139A,-1.87489,52.4764,67
E01009201,Birmingham 043A,-1.86496,52.4981,26
E01009202,Birmingham 043B,-1.84739,52.5043,38
E01009203,Birmingham 043C,-1.87508,52.4934,70
E01009204,Birmingham 052E,-1.87467,52.4854,24
E01009205,Birmingham 120A,-1.95274,52.4115,12
E01009206,Birmingham 120B,-1.96903,52.4091,15
E01009207,Birmingham 124B,-1.97864,52.4094,4
E01009208,Birmingham 124C,-1.98201,52.4025,5
E01009209,Birmingham 124D,-1.97382,52.4047,25
E01009210,Birmingham 126B,-1.9644,52.406,17
E01009211,Birmingham 120C,-1.95738,52.4055,10
E01009212,Birmingham 126C,-1.96363,52.4004,32
E01009213,Birmingham 124E,-1.97655,52.3993,30
E01009214,Birmingham 126D,-1.95509,52.402,34
E01009215,Birmingham 126E,-1.97086,52.3974,22
E01009216,Birmingham 131D,-1.96263,52.3944,17
E01009217,Birmingham 131E,-1.95695,52.3925,12
E01009218,Birmingham 120D,-1.95881,52.4158,5
E01009219,Birmingham 120E,-1.96863,52.4137,13
E01009220,Birmingham 008A,-1.89677,52.5569,3
E01009221,Birmingham 007A,-1.88245,52.5563,35
E01009222,Birmingham 008B,-1.89546,52.5545,15
E01009223,Birmingham 013A,-1.90857,52.5491,14
E01009224,Birmingham 008C,-1.8918,52.552,9
E01009225,Birmingham 013B,-1.89977,52.5492,18
E01009226,Birmingham 017A,-1.88889,52.5476,8
E01009227,Birmingham 013C,-1.8938,52.542,8
E01009228,Birmingham 013D,-1.89835,52.5434,11
E01009229,Birmingham 017B,-1.89093,52.5381,3
E01009230,Birmingham 017C,-1.88581,52.5388,25
E01009231,Birmingham 017D,-1.8828,52.5354,10
E01009232,Birmingham 022D,-1.8845,52.5289,11
E01009233,Birmingham 008D,-1.88786,52.5591,11
E01009234,Birmingham 019A,-1.90676,52.5345,6
E01009235,Birmingham 016A,-1.9258,52.5365,4
E01009236,Birmingham 019B,-1.91109,52.5373,14
E01009237,Birmingham 024A,-1.92478,52.5327,16
E01009238,Birmingham 024B,-1.91721,52.5337,12
E01009239,Birmingham 033F,-1.89358,52.5223,64
E01009240,Birmingham 024C,-1.9201,52.5272,6
E01009241,Birmingham 024D,-1.91354,52.5266,10
E01009242,Birmingham 024E,-1.90872,52.5218,15
E01009243,Birmingham 016B,-1.91665,52.5433,13
E01009244,Birmingham 019C,-1.9065,52.5394,7
E01009245,Birmingham 016C,-1.92682,52.5433,10
E01009246,Birmingham 016D,-1.92239,52.5415,5
E01009247,Birmingham 016E,-1.91847,52.5383,3
E01009248,Birmingham 019D,-1.90026,52.5361,10
E01009249,Birmingham 080A,-1.99677,52.4572,9
E01009250,Birmingham 080B,-2.00817,52.4579,18
E01009251,Birmingham 080C,-1.99736,52.4622,10
E01009252,Birmingham 073C,-1.97133,52.4624,6
E01009253,Birmingham 080D,-2.00215,52.4584,13
E01009254,Birmingham 085C,-1.97887,52.4611,34
E01009255,Birmingham 080E,-1.98733,52.4536,29
E01009256,Birmingham 085D,-1.98445,52.4577,8
E01009257,Birmingham 080F,-1.99468,52.4549,21
E01009258,Birmingham 085E,-1.98298,52.4516,21
E01009259,Birmingham 094E,-2.00075,52.4514,38
E01009260,Birmingham 073D,-1.97255,52.467,14
E01009261,Birmingham 073E,-1.9825,52.4633,19
E01009262,Birmingham 133A,-1.92313,52.5203,8
E01009263,Birmingham 032C,-1.92566,52.5161,26
E01009264,Birmingham 032D,-1.93553,52.5159,22
E01009265,Birmingham 032E,-1.93026,52.5139,23
E01009266,Birmingham 034A,-1.93832,52.5139,35
E01009267,Birmingham 133B,-1.93428,52.5207,2
E01009268,Birmingham 036A,-1.94949,52.513,6
E01009269,Birmingham 034B,-1.94396,52.5161,21
E01009270,Birmingham 034C,-1.93488,52.5102,36
E01009271,Birmingham 034D,-1.94251,52.5115,10
E01009272,Birmingham 036B,-1.95351,52.518,17
E01009273,Birmingham 034E,-1.9468,52.5098,11
E01009274,Birmingham 036C,-1.95041,52.5086,36
E01009275,Birmingham 039A,-1.93991,52.506,31
E01009276,Birmingham 133C,-1.93736,52.531,16
E01009278,Birmingham 133D,-1.92549,52.5248,9
E01009279,Birmingham 133E,-1.93319,52.5262,14
E01009280,Birmingham 100A,-1.93012,52.4341,13
E01009281,Birmingham 099A,-1.9393,52.4315,10
E01009282,Birmingham 100B,-1.92251,52.4327,8
E01009283,Birmingham 079E,-1.91404,52.4461,7
E01009284,Birmingham 096A,-1.93872,52.442,55
E01009286,Birmingham 096C,-1.92579,52.4401,11
E01009288,Birmingham 100C,-1.91974,52.4434,1
E01009289,Birmingham 096E,-1.93365,52.4431,9
E01009290,Birmingham 096F,-1.93009,52.4388,13
E01009291,Birmingham 095D,-1.96248,52.4421,17
E01009292,Birmingham 099B,-1.94926,52.4423,19
E01009293,Birmingham 100D,-1.92154,52.4374,20
E01009294,Birmingham 099C,-1.95477,52.4362,21
E01009295,Birmingham 099D,-1.94621,52.4381,20
E01009296,Birmingham 100E,-1.91616,52.4387,15
E01009297,Birmingham 057A,-1.76668,52.4864,24
E01009298,Birmingham 054D,-1.78749,52.4827,31
E01009299,Birmingham 057B,-1.77725,52.481,37
E01009300,Birmingham 057C,-1.78047,52.4853,42
E01009301,Birmingham 057D,-1.7663,52.4798,25
E01009302,Birmingham 069A,-1.76086,52.4733,7
E01009303,Birmingham 057E,-1.76862,52.4759,21
E01009304,Birmingham 046A,-1.77463,52.4988,33
E01009305,Birmingham 045C,-1.78895,52.4982,26
E01009306,Birmingham 046B,-1.77841,52.4908,23
E01009307,Birmingham 045D,-1.78276,52.4987,24
E01009308,Birmingham 046C,-1.76187,52.4941,26
E01009309,Birmingham 045E,-1.78015,52.4954,13
E01009310,Birmingham 046D,-1.76682,52.4964,56
E01009311,Birmingham 054E,-1.7918,52.4851,30
E01009312,Birmingham 072A,-1.79371,52.4624,7
E01009313,Birmingham 076D,-1.79695,52.4598,6
E01009314,Birmingham 069B,-1.78019,52.462,35
E01009315,Birmingham 081A,-1.78499,52.4558,40
E01009316,Birmingham 081B,-1.79185,52.4582,26
E01009317,Birmingham 081C,-1.77208,52.4622,19
E01009318,Birmingham 081D,-1.76268,52.459,3
E01009319,Birmingham 081E,-1.77574,52.4545,6
E01009320,Birmingham 081F,-1.76512,52.4536,29
E01009321,Birmingham 069C,-1.76823,52.4692,39
E01009322,Birmingham 069D,-1.77792,52.4717,52
E01009323,Birmingham 069E,-1.78413,52.4636,44
E01009324,Birmingham 072B,-1.79033,52.4662,27
E01009325,Birmingham 063A,-1.83718,52.4706,3
E01009326,Birmingham 066D,-1.83179,52.4704,16
E01009327,Birmingham 139B,-1.84399,52.4725,4
E01009328,Birmingham 139C,-1.84625,52.4725,11
E01009329,Birmingham 070A,-1.85449,52.4699,25
E01009331,Birmingham 139D,-1.8471,52.4753,17
E01009332,Birmingham 139E,-1.86172,52.473,86
E01009333,Birmingham 139F,-1.85148,52.4759,11
E01009334,Birmingham 070B,-1.84925,52.4688,8
E01009335,Birmingham 139G,-1.84206,52.464,48
E01009337,Birmingham 070C,-1.84822,52.4653,5
E01009338,Birmingham 070D,-1.84624,52.4631,14
E01009339,Birmingham 140A,-1.85579,52.4583,13
E01009340,Birmingham 140B,-1.84674,52.4544,20
E01009341,Birmingham 066E,-1.82725,52.4786,49
E01009342,Birmingham 063D,-1.83391,52.4774,25
E01009343,Birmingham 063E,-1.84178,52.4764,28
E01009344,Birmingham 139H,-1.85492,52.4751,16
E01009345,Birmingham 053D,-1.93862,52.492,58
E01009346,Birmingham 053E,-1.94226,52.4889,44
E01009347,Birmingham 049D,-1.91985,52.4876,24
E01009348,Birmingham 047A,-1.92706,52.4913,30
E01009349,Birmingham 036D,-1.95643,52.5061,28
E01009350,Birmingham 039B,-1.93371,52.507,20
E01009351,Birmingham 036E,-1.95215,52.5054,24
E01009352,Birmingham 039C,-1.92774,52.5039,25
E01009353,Birmingham 039D,-1.93135,52.5045,18
E01009354,Birmingham 036F,-1.94508,52.5035,34
E01009355,Birmingham 039E,-1.92278,52.5033,35
E01009358,Birmingham 047B,-1.92363,52.4983,32
E01009359,Birmingham 047C,-1.93236,52.5005,44
E01009360,Birmingham 047D,-1.92957,52.4951,32
E01009361,Birmingham 047E,-1.94148,52.496,33
E01009362,Birmingham 071A,-1.88963,52.4655,35
E01009363,Birmingham 071B,-1.86859,52.4674,37
E01009364,Birmingham 071C,-1.8855,52.4689,24
E01009365,Birmingham 071D,-1.87752,52.4679,42
E01009366,Birmingham 084A,-1.89445,52.4605,24
E01009367,Birmingham 083A,-1.88067,52.4609,39
E01009368,Birmingham 077A,-1.87075,52.4615,12
E01009371,Birmingham 077D,-1.87182,52.4596,63
E01009372,Birmingham 082A,-1.86492,52.4591,7
E01009373,Birmingham 082B,-1.86261,52.4579,12
E01009374,Birmingham 084B,-1.8888,52.4603,10
E01009375,Birmingham 083B,-1.8795,52.4578,17
E01009376,Birmingham 084C,-1.88788,52.4562,69
E01009377,Birmingham 083C,-1.87936,52.4552,12
E01009378,Birmingham 135A,-1.88735,52.4707,117
E01009379,Birmingham 071E,-1.86479,52.4706,65
E01009380,Birmingham 070E,-1.85985,52.4685,18
E01009382,Birmingham 140C,-1.86525,52.4494,36
E01009383,Birmingham 083D,-1.87517,52.4508,7
E01009384,Birmingham 092E,-1.88598,52.4516,17
E01009385,Birmingham 092F,-1.88402,52.4473,47
E01009389,Birmingham 093B,-1.87102,52.4488,6
E01009390,Birmingham 093C,-1.87683,52.4466,6
E01009391,Birmingham 140D,-1.85804,52.4476,19
E01009392,Birmingham 140E,-1.86668,52.4461,10
E01009393,Birmingham 140F,-1.85915,52.445,11
E01009394,Birmingham 093D,-1.87264,52.4443,8
E01009395,Birmingham 097F,-1.86303,52.4417,12
E01009396,Birmingham 082D,-1.86849,52.4549,28
E01009397,Birmingham 077E,-1.87317,52.4558,13
E01009399,Birmingham 083E,-1.87566,52.4533,11
E01009400,Birmingham 031E,-1.84007,52.5091,49
E01009401,Birmingham 031F,-1.85345,52.5098,17
E01009403,Birmingham 020A,-1.85297,52.5378,16
E01009404,Birmingham 020B,-1.85503,52.5355,15
E01009405,Birmingham 020C,-1.8518,52.5302,14
E01009406,Birmingham 020D,-1.8577,52.5322,27
E01009407,Birmingham 020E,-1.84699,52.5278,14
E01009408,Birmingham 026B,-1.85755,52.5257,12
E01009409,Birmingham 026C,-1.84918,52.5234,29
E01009410,Birmingham 026D,-1.86503,52.5238,66
E01009411,Birmingham 030B,-1.87014,52.5192,16
E01009412,Birmingham 030C,-1.85904,52.52,80
E01009413,Birmingham 030D,-1.85717,52.5123,30
E01009414,Birmingham 030E,-1.86279,52.5128,34
E01009415,Birmingham 002A,-1.83286,52.5948,8
E01009416,Birmingham 003A,-1.80588,52.5951,8
E01009417,Birmingham 001A,-1.84982,52.5918,2
E01009418,Birmingham 001B,-1.8376,52.6023,9
E01009419,Birmingham 001C,-1.85037,52.5986,5
E01009420,Birmingham 003B,-1.81511,52.5906,9
E01009421,Birmingham 004A,-1.86436,52.5811,2
E01009422,Birmingham 002B,-1.84062,52.5887,11
E01009423,Birmingham 002C,-1.8249,52.5992,10
E01009424,Birmingham 004B,-1.84681,52.5701,48
E01009425,Birmingham 002D,-1.83108,52.5859,24
E01009426,Birmingham 003C,-1.80634,52.5841,2
E01009427,Birmingham 004C,-1.83553,52.5792,6
E01009428,Birmingham 004D,-1.81389,52.5743,4
E01009429,Birmingham 003D,-1.81586,52.5829,5
E01009430,Birmingham 004E,-1.83173,52.5697,9
E01009431,Birmingham 003E,-1.82537,52.5818,17
E01009432,Birmingham 006A,-1.81166,52.5657,31
E01009433,Birmingham 001D,-1.84502,52.6012,11
E01009434,Birmingham 012A,-1.79023,52.5517,4
E01009435,Birmingham 006B,-1.80219,52.5521,11
E01009436,Birmingham 012B,-1.7944,52.545,2
E01009437,Birmingham 006C,-1.80699,52.547,16
E01009438,Birmingham 012C,-1.7859,52.5402,4
E01009439,Birmingham 021A,-1.80361,52.5336,10
E01009440,Birmingham 012D,-1.79453,52.5364,4
E01009441,Birmingham 021B,-1.75357,52.5243,27
E01009442,Birmingham 021C,-1.79305,52.5302,17
E01009443,Birmingham 021D,-1.78481,52.5308,25
E01009444,Birmingham 006D,-1.80535,52.5736,5
E01009445,Birmingham 005A,-1.78802,52.566,36
E01009446,Birmingham 005B,-1.79923,52.5699,16
E01009447,Birmingham 005C,-1.79649,52.5656,10
E01009448,Birmingham 005D,-1.78017,52.5666,9
E01009449,Birmingham 009A,-1.82829,52.5605,107
E01009450,Birmingham 012E,-1.77528,52.55,8
E01009451,Birmingham 009B,-1.81583,52.5595,29
E01009452,Birmingham 005E,-1.79501,52.5609,6
E01009453,Birmingham 009C,-1.81837,52.5542,3
E01009454,Birmingham 006E,-1.80879,52.5557,5
E01009455,Birmingham 005F,-1.79681,52.5573,20
E01009456,Birmingham 018C,-1.83447,52.5452,8
E01009457,Birmingham 015A,-1.81616,52.5461,1
E01009458,Birmingham 018D,-1.84342,52.543,9
E01009459,Birmingham 015B,-1.8297,52.5433,4
E01009460,Birmingham 018E,-1.83921,52.5388,10
E01009461,Birmingham 015C,-1.81592,52.538,4
E01009462,Birmingham 018F,-1.83168,52.5376,35
E01009463,Birmingham 015D,-1.82137,52.5394,4
E01009464,Birmingham 007B,-1.88274,52.5644,5
E01009465,Birmingham 007C,-1.8784,52.5601,11
E01009466,Birmingham 009D,-1.8321,52.5506,6
E01009467,Birmingham 007D,-1.87074,52.556,13
E01009468,Birmingham 004F,-1.84436,52.5549,6
E01009469,Birmingham 010B,-1.86174,52.5535,16
E01009470,Birmingham 010C,-1.84989,52.5534,4
E01009471,Birmingham 009E,-1.82468,52.5513,12
E01009472,Birmingham 010D,-1.85061,52.5463,3
E01009473,Birmingham 010E,-1.85771,52.5484,56
E01009474,Birmingham 010F,-1.84465,52.5476,15
E01009475,Birmingham 055A,-1.82673,52.4834,17
E01009476,Birmingham 055B,-1.83393,52.4832,64
E01009477,Birmingham 055C,-1.82257,52.4822,11
E01009478,Birmingham 048A,-1.83488,52.5015,86
E01009479,Birmingham 048B,-1.84886,52.4984,27
E01009480,Birmingham 044C,-1.83102,52.4985,8
E01009481,Birmingham 044D,-1.82401,52.495,44
E01009482,Birmingham 048C,-1.85589,52.4957,30
E01009483,Birmingham 051B,-1.85972,52.4936,31
E01009484,Birmingham 048D,-1.84863,52.4958,45
E01009485,Birmingham 048E,-1.84316,52.4927,9
E01009486,Birmingham 044E,-1.83297,52.4932,31
E01009487,Birmingham 044F,-1.82715,52.4908,20
E01009488,Birmingham 051C,-1.836,52.4899,38
E01009489,Birmingham 051D,-1.84998,52.4906,17
E01009490,Birmingham 055D,-1.82089,52.4896,20
E01009491,Birmingham 051E,-1.84478,52.4891,25
E01009492,Birmingham 055E,-1.82772,52.4876,23
E01009493,Birmingham 113D,-1.95902,52.4242,37
E01009494,Birmingham 109A,-1.96984,52.427,35
E01009495,Birmingham 106E,-1.98066,52.4272,6
E01009496,Birmingham 109B,-1.97032,52.421,5
E01009497,Birmingham 109C,-1.97388,52.4184,26
E01009498,Birmingham 119D,-1.97981,52.421,18
E01009499,Birmingham 119E,-1.97867,52.4131,29
E01009500,Birmingham 095E,-1.97271,52.443,58
E01009501,Birmingham 101B,-1.97011,52.4369,42
E01009502,Birmingham 101C,-1.97364,52.4368,25
E01009503,Birmingham 101D,-1.96455,52.4367,26
E01009504,Birmingham 109D,-1.96066,52.432,44
E01009505,Birmingham 101E,-1.97366,52.4295,22
E01009506,Birmingham 109E,-1.96318,52.4258,5
E01009507,Birmingham 056B,-1.81256,52.4824,29
E01009508,Birmingham 056C,-1.79956,52.4806,4
E01009509,Birmingham 056D,-1.81351,52.4807,38
E01009510,Birmingham 056E,-1.80442,52.4817,19
E01009511,Birmingham 054F,-1.79413,52.4801,24
E01009512,Birmingham 062A,-1.78417,52.4757,29
E01009513,Birmingham 066F,-1.81653,52.477,23
E01009514,Birmingham 062B,-1.78914,52.4764,9
E01009515,Birmingham 067C,-1.80715,52.4752,12
E01009516,Birmingham 062C,-1.7944,52.4753,26
E01009517,Birmingham 062D,-1.78931,52.4715,11
E01009518,Birmingham 067D,-1.80229,52.4723,10
E01009519,Birmingham 072C,-1.79523,52.469,4
E01009520,Birmingham 072D,-1.80138,52.4657,17
E01009521,Birmingham 067E,-1.80637,52.4661,11
E01009522,Coventry 014A,-1.53209,52.4238,11
E01009523,Coventry 010A,-1.57955,52.4385,4
E01009524,Coventry 006A,-1.53362,52.4408,18
E01009525,Coventry 006B,-1.52658,52.4384,5
E01009526,Coventry 010B,-1.54818,52.4322,36
E01009527,Coventry 006C,-1.52843,52.4344,20
E01009528,Coventry 010C,-1.56073,52.4343,17
E01009529,Coventry 014B,-1.52902,52.4302,6
E01009530,Coventry 014C,-1.53625,52.4296,8
E01009531,Coventry 010D,-1.56711,52.4247,21
E01009532,Coventry 033A,-1.44307,52.4,6
E01009535,Coventry 033B,-1.45176,52.3982,7
E01009536,Coventry 033C,-1.45562,52.4003,11
E01009537,Coventry 035C,-1.45234,52.3931,16
E01009538,Coventry 035D,-1.44319,52.3923,26
E01009539,Coventry 039A,-1.45452,52.3853,13
E01009540,Coventry 039B,-1.46726,52.3892,56
E01009541,Coventry 039C,-1.46468,52.3808,25
E01009542,Coventry 039D,-1.46827,52.3858,38
E01009543,Coventry 033D,-1.43636,52.3997,13
E01009544,Coventry 038A,-1.49168,52.388,16
E01009548,Coventry 031A,-1.50403,52.4002,36
E01009549,Coventry 037B,-1.51164,52.3966,5
E01009550,Coventry 037C,-1.50335,52.3968,13
E01009552,Coventry 037E,-1.50766,52.3908,15
E01009553,Coventry 031B,-1.52066,52.4029,61
E01009554,Coventry 034A,-1.53586,52.3991,6
E01009555,Coventry 034B,-1.54994,52.3961,4
E01009556,Coventry 034C,-1.53304,52.3965,19
E01009557,Coventry 034D,-1.53655,52.3922,5
E01009558,Coventry 034E,-1.52492,52.3995,5
E01009559,Coventry 034F,-1.52426,52.3926,6
E01009560,Coventry 040A,-1.51376,52.3886,6
E01009561,Coventry 040B,-1.50453,52.3818,17
E01009562,Coventry 040C,-1.49945,52.3853,8
E01009563,Coventry 040D,-1.51201,52.3828,4
E01009564,Coventry 005A,-1.49328,52.4382,47
E01009565,Coventry 009A,-1.49934,52.436,7
E01009566,Coventry 009B,-1.50445,52.4274,51
E01009567,Coventry 009C,-1.49414,52.4324,85
E01009568,Coventry 009D,-1.50129,52.432,27
E01009569,Coventry 015A,-1.49027,52.4291,32
E01009570,Coventry 015B,-1.49801,52.427,63
E01009571,Coventry 015C,-1.49045,52.4262,23
E01009572,Coventry 015D,-1.49547,52.4218,63
E01009573,Coventry 015E,-1.51048,52.4215,14
E01009574,Coventry 015F,-1.50606,52.4159,72
E01009575,Coventry 005B,-1.49578,52.4435,22
E01009576,Coventry 008A,-1.44958,52.4353,15
E01009577,Coventry 007A,-1.46342,52.4371,42
E01009578,Coventry 008B,-1.43787,52.4352,5
E01009579,Coventry 007B,-1.46395,52.433,48
E01009580,Coventry 019A,-1.43538,52.4211,38
E01009581,Coventry 007C,-1.4547,52.431,26
E01009582,Coventry 008C,-1.44401,52.4303,31
E01009583,Coventry 008D,-1.43884,52.4276,5
E01009584,Coventry 007D,-1.45566,52.4468,26
E01009585,Coventry 007E,-1.46557,52.4401,64
E01009586,Coventry 008E,-1.45516,52.4386,10
E01009587,Coventry 011A,-1.50951,52.4373,14
E01009588,Coventry 043A,-1.51286,52.4403,24
E01009589,Coventry 001A,-1.49423,52.4504,29
E01009590,Coventry 002A,-1.53592,52.4536,15
E01009591,Coventry 002B,-1.51934,52.4498,8
E01009592,Coventry 043B,-1.49999,52.4474,17
E01009593,Coventry 002C,-1.51551,52.4475,12
E01009594,Coventry 006D,-1.52906,52.4436,22
E01009596,Coventry 043C,-1.50055,52.4431,21
E01009597,Coventry 043D,-1.50657,52.4427,37
E01009598,Coventry 002D,-1.52006,52.4416,9
E01009599,Coventry 013A,-1.46928,52.43,15
E01009604,Coventry 004A,-1.47976,52.4443,33
E01009605,Coventry 004B,-1.47291,52.4432,32
E01009606,Coventry 005C,-1.48328,52.4405,13
E01009607,Coventry 004C,-1.47352,52.4362,99
E01009608,Coventry 004D,-1.47709,52.4387,8
E01009609,Coventry 005D,-1.4866,52.4334,16
E01009610,Coventry 004E,-1.47796,52.4322,19
E01009611,Coventry 035E,-1.46644,52.3988,21
E01009612,Coventry 035F,-1.47592,52.3963,13
E01009613,Coventry 018A,-1.46386,52.4122,2
E01009614,Coventry 021A,-1.46873,52.4114,5
E01009615,Coventry 027A,-1.47946,52.4088,73
E01009616,Coventry 027B,-1.47507,52.4093,15
E01009617,Coventry 027C,-1.47325,52.4067,6
E01009618,Coventry 027D,-1.46337,52.4071,7
E01009619,Coventry 038D,-1.48503,52.4011,43
E01009620,Coventry 027E,-1.47087,52.404,18
E01009621,Coventry 027F,-1.47791,52.4006,6
E01009622,Coventry 012A,-1.52423,52.4284,18
E01009623,Coventry 012B,-1.5208,52.4327,31
E01009624,Coventry 011B,-1.51614,52.431,75
E01009625,Coventry 011C,-1.5171,52.4243,14
E01009626,Coventry 011D,-1.5108,52.4305,14
E01009627,Coventry 012C,-1.52132,52.4242,19
E01009628,Coventry 012D,-1.52591,52.4214,21
E01009629,Coventry 020A,-1.51051,52.4191,26
E01009630,Coventry 020B,-1.51707,52.4178,9
E01009631,Coventry 020C,-1.5223,52.4155,20
E01009632,Coventry 020D,-1.5141,52.4139,46
E01009633,Coventry 028A,-1.49183,52.4007,21
E01009634,Coventry 028B,-1.49617,52.4,24
E01009635,Coventry 028C,-1.49578,52.4068,67
E01009636,Coventry 024A,-1.48974,52.4133,48
E01009637,Coventry 024B,-1.4994,52.4175,19
E01009638,Coventry 024C,-1.5018,52.4133,147
E01009639,Coventry 024D,-1.49582,52.4151,44
E01009640,Coventry 024E,-1.49093,52.4159,24
E01009641,Coventry 024F,-1.49724,52.4103,80
E01009642,Coventry 031C,-1.51165,52.408,385
E01009643,Coventry 017A,-1.54211,52.4157,6
E01009644,Coventry 017B,-1.54112,52.4194,3
E01009645,Coventry 014D,-1.53443,52.4191,7
E01009646,Coventry 022A,-1.55028,52.4166,8
E01009647,Coventry 017C,-1.52895,52.4137,47
E01009648,Coventry 017D,-1.53587,52.4136,13
E01009649,Coventry 026A,-1.5404,52.4111,5
E01009650,Coventry 020E,-1.52269,52.4107,17
E01009651,Coventry 031D,-1.52229,52.4076,45
E01009652,Coventry 017E,-1.54563,52.4257,12
E01009653,Coventry 017F,-1.54006,52.4227,6
E01009654,Coventry 021B,-1.47362,52.4203,3
E01009655,Coventry 016A,-1.47886,52.422,31
E01009656,Coventry 016B,-1.48268,52.4187,34
E01009657,Coventry 018B,-1.46635,52.4173,8
E01009658,Coventry 021C,-1.47353,52.4155,3
E01009659,Coventry 016C,-1.48511,52.4147,24
E01009660,Coventry 021D,-1.47807,52.4135,28
E01009661,Coventry 028D,-1.48641,52.4089,40
E01009662,Coventry 016D,-1.48249,52.4274,48
E01009663,Coventry 013B,-1.46939,52.4272,10
E01009664,Coventry 016E,-1.47736,52.4271,10
E01009665,Coventry 042A,-1.54353,52.3841,1
E01009666,Coventry 041A,-1.52877,52.3859,6
E01009667,Coventry 041B,-1.5203,52.384,3
E01009668,Coventry 041C,-1.52943,52.3806,11
E01009669,Coventry 042B,-1.53381,52.3843,2
E01009670,Coventry 041D,-1.52007,52.3785,2
E01009671,Coventry 042C,-1.55095,52.372,5
E01009672,Coventry 040E,-1.51279,52.3747,5
E01009674,Coventry 029A,-1.58252,52.4001,30
E01009676,Coventry 032A,-1.56846,52.4005,5
E01009679,Coventry 036C,-1.56055,52.3938,45
E01009681,Coventry 032B,-1.56264,52.4066,15
E01009682,Coventry 032C,-1.56748,52.4048,5
E01009683,Coventry 032D,-1.56082,52.3994,15
E01009684,Coventry 026B,-1.5566,52.4096,9
E01009685,Coventry 026C,-1.54997,52.4091,1
E01009686,Coventry 026D,-1.55169,52.4036,38
E01009687,Coventry 026E,-1.54435,52.407,
E01009688,Coventry 030A,-1.53785,52.4061,15
E01009689,Coventry 030B,-1.52511,52.4052,35
E01009690,Coventry 030C,-1.5362,52.403,6
E01009691,Coventry 030D,-1.52923,52.4036,7
E01009692,Coventry 022B,-1.56371,52.4191,4
E01009693,Coventry 022C,-1.56076,52.4143,16
E01009694,Coventry 022D,-1.55434,52.4161,7
E01009695,Coventry 023A,-1.56525,52.4105,6
E01009696,Coventry 023B,-1.5734,52.4146,6
E01009697,Coventry 025A,-1.59654,52.4117,11
E01009698,Coventry 025B,-1.58542,52.4138,3
E01009699,Coventry 029B,-1.57542,52.4109,7
E01009700,Coventry 029C,-1.58623,52.4089,16
E01009701,Coventry 029D,-1.58734,52.4046,20
E01009702,Coventry 029E,-1.57684,52.4049,29
E01009703,Coventry 025C,-1.59965,52.4075,36
E01009704,Coventry 023C,-1.57257,52.4206,7
E01009705,Coventry 023D,-1.58122,52.4166,1
E01009706,Coventry 025D,-1.59707,52.4191,5
E01009707,Coventry 033E,-1.44152,52.4066,4
E01009708,Coventry 033F,-1.45391,52.4061,9
E01009709,Coventry 007F,-1.45764,52.4275,28
E01009710,Coventry 013C,-1.45058,52.4249,9
E01009711,Coventry 013D,-1.46546,52.4225,16
E01009712,Coventry 018C,-1.45532,52.4198,25
E01009713,Coventry 019B,-1.45179,52.4175,22
E01009714,Coventry 018D,-1.46194,52.4194,5
E01009715,Coventry 019C,-1.44091,52.4174,12
E01009716,Coventry 018E,-1.45914,52.4118,12
E01009717,Coventry 019D,-1.44295,52.4119,20
E01009718,Coventry 019E,-1.45166,52.4088,34
E01009719,Dudley 027A,-2.11881,52.4665,15
E01009720,Dudley 028A,-2.13599,52.4635,1
E01009721,Dudley 031A,-2.15065,52.4646,33
E01009722,Dudley 027B,-2.12612,52.4622,9
E01009723,Dudley 028B,-2.13154,52.4683,5
E01009724,Dudley 028C,-2.12993,52.4648,5
E01009725,Dudley 031B,-2.14192,52.4637,6
E01009726,Dudley 031C,-2.13763,52.4598,8
E01009727,Dudley 027C,-2.12584,52.4722,10
E01009728,Dudley 027D,-2.12166,52.4719,4
E01009729,Dudley 027E,-2.11443,52.4705,6
E01009730,Dudley 028D,-2.13885,52.471,3
E01009731,Dudley 023A,-2.15047,52.4704,9
E01009732,Dudley 039A,-2.06353,52.446,10
E01009733,Dudley 039B,-2.05421,52.448,44
E01009734,Dudley 034A,-2.04973,52.4552,33
E01009735,Dudley 034B,-2.05134,52.4627,8
E01009736,Dudley 034C,-2.06065,52.4579,8
E01009737,Dudley 034D,-2.06777,52.4571,11
E01009738,Dudley 034E,-2.06872,52.4515,16
E01009739,Dudley 039C,-2.0621,52.4509,5
E01009740,Dudley 023B,-2.13752,52.4762,13
E01009741,Dudley 022A,-2.11466,52.4793,54
E01009742,Dudley 023C,-2.1503,52.477,53
E01009743,Dudley 023D,-2.13732,52.4806,14
E01009744,Dudley 022B,-2.12643,52.48,43
E01009745,Dudley 023E,-2.15015,52.4737,23
E01009746,Dudley 022C,-2.11577,52.4882,36
E01009747,Dudley 022D,-2.13413,52.4851,27
E01009748,Dudley 013A,-2.12138,52.4991,11
E01009749,Dudley 016A,-2.1393,52.5062,12
E01009750,Dudley 016B,-2.1395,52.4985,13
E01009751,Dudley 017A,-2.13132,52.5016,8
E01009752,Dudley 017B,-2.12848,52.4931,22
E01009753,Dudley 017C,-2.13686,52.4916,24
E01009754,Dudley 017D,-2.12368,52.4947,18
E01009756,Dudley 006B,-2.09042,52.52,8
E01009757,Dudley 006C,-2.07836,52.5185,95
E01009758,Dudley 005A,-2.1019,52.5281,19
E01009759,Dudley 006D,-2.0824,52.5276,14
E01009760,Dudley 005B,-2.10787,52.5263,3
E01009762,Dudley 006F,-2.10266,52.5227,19
E01009763,Dudley 001A,-2.07645,52.5485,18
E01009764,Dudley 001B,-2.08428,52.5462,13
E01009765,Dudley 004A,-2.095,52.545,7
E01009766,Dudley 004B,-2.10076,52.5436,16
E01009767,Dudley 001C,-2.07696,52.5427,12
E01009768,Dudley 004C,-2.09055,52.54,51
E01009769,Dudley 001D,-2.07998,52.5357,17
E01009770,Dudley 001E,-2.07801,52.5538,10
E01009771,Dudley 004D,-2.10022,52.5377,4
E01009772,Dudley 005C,-2.11486,52.5351,7
E01009773,Dudley 002A,-2.11821,52.5443,35
E01009774,Dudley 005D,-2.10686,52.5339,12
E01009775,Dudley 004E,-2.09123,52.5343,18
E01009776,Dudley 004F,-2.09285,52.5319,30
E01009777,Dudley 002B,-2.118,52.5491,4
E01009778,Dudley 002C,-2.11216,52.5424,30
E01009779,Dudley 008A,-2.13165,52.5175,16
E01009780,Dudley 009A,-2.11254,52.5209,7
E01009781,Dudley 007A,-2.1213,52.5216,19
E01009782,Dudley 008B,-2.13231,52.5256,16
E01009783,Dudley 008C,-2.13228,52.5207,18
E01009784,Dudley 009B,-2.11024,52.5149,9
E01009785,Dudley 008D,-2.13868,52.514,13
E01009786,Dudley 007B,-2.12336,52.515,26
E01009787,Dudley 009C,-2.12126,52.5116,11
E01009788,Dudley 005E,-2.11715,52.5307,15
E01009789,Dudley 007C,-2.12478,52.5284,11
E01009790,Dudley 007D,-2.11354,52.5246,33
E01009791,Dudley 026A,-2.02341,52.4698,7
E01009792,Dudley 026B,-2.04147,52.4706,11
E01009793,Dudley 030A,-2.02991,52.463,
E01009794,Dudley 030B,-2.01858,52.4729,9
E01009795,Dudley 026C,-2.03542,52.4709,28
E01009796,Dudley 026D,-2.03709,52.4594,10
E01009797,Dudley 030C,-2.01774,52.4655,10
E01009798,Dudley 026E,-2.02873,52.474,14
E01009799,Dudley 039D,-2.05681,52.4431,2
E01009800,Dudley 036A,-2.01736,52.4603,9
E01009801,Dudley 030D,-2.02833,52.4583,6
E01009802,Dudley 036B,-2.01635,52.4517,18
E01009803,Dudley 036C,-2.02431,52.4513,4
E01009804,Dudley 036D,-2.03259,52.4372,7
E01009805,Dudley 039E,-2.04409,52.4494,33
E01009806,Dudley 039F,-2.04833,52.445,13
E01009807,Dudley 043A,-2.07475,52.4485,16
E01009808,Dudley 043B,-2.08507,52.4454,9
E01009809,Dudley 033A,-2.08582,52.4524,21
E01009810,Dudley 043C,-2.06832,52.4363,4
E01009811,Dudley 043D,-2.07384,52.4398,7
E01009812,Dudley 043E,-2.0827,52.4364,3
E01009813,Dudley 033B,-2.09434,52.4532,26
E01009814,Dudley 014A,-2.17627,52.5108,8
E01009815,Dudley 014B,-2.18316,52.4985,3
E01009816,Dudley 012A,-2.15301,52.5042,11
E01009817,Dudley 012B,-2.17496,52.5071,
E01009818,Dudley 014C,-2.18375,52.505,5
E01009819,Dudley 012C,-2.15823,52.509,12
E01009820,Dudley 012D,-2.16752,52.5003,12
E01009821,Dudley 014D,-2.17747,52.5016,6
E01009822,Dudley 014E,-2.17209,52.4966,16
E01009823,Dudley 016C,-2.14914,52.4972,6
E01009824,Dudley 016D,-2.15847,52.4972,10
E01009825,Dudley 019A,-2.16336,52.4933,10
E01009826,Dudley 019B,-2.174,52.4883,2
E01009827,Dudley 019C,-2.17835,52.4915,1
E01009828,Dudley 019D,-2.14911,52.4916,9
E01009829,Dudley 019E,-2.16782,52.4851,11
E01009830,Dudley 019F,-2.16391,52.4903,5
E01009831,Dudley 037A,-2.11334,52.4474,23
E01009832,Dudley 042A,-2.11491,52.4408,15
E01009833,Dudley 032A,-2.10784,52.4585,27
E01009834,Dudley 031D,-2.12746,52.4559,17
E01009835,Dudley 032B,-2.10447,52.4539,7
E01009836,Dudley 037B,-2.12271,52.4585,44
E01009837,Dudley 037C,-2.11648,52.4541,19
E01009838,Dudley 037D,-2.10338,52.4474,31
E01009839,Dudley 013B,-2.10825,52.501,29
E01009840,Dudley 018A,-2.09047,52.4965,14
E01009841,Dudley 017E,-2.10734,52.4947,18
E01009842,Dudley 018B,-2.08187,52.4931,21
E01009843,Dudley 018C,-2.07637,52.4898,17
E01009844,Dudley 011A,-2.10022,52.5001,24
E01009845,Dudley 041A,-2.14924,52.4337,1
E01009846,Dudley 041B,-2.16236,52.4336,
E01009847,Dudley 038A,-2.17171,52.4558,2
E01009848,Dudley 038B,-2.16582,52.4531,11
E01009849,Dudley 038C,-2.16903,52.4481,19
E01009850,Dudley 041C,-2.14768,52.4482,15
E01009851,Dudley 038D,-2.1597,52.4481,1
E01009852,Dudley 041D,-2.15681,52.4417,5
E01009853,Dudley 042B,-2.12152,52.4435,2
E01009854,Dudley 040A,-2.1287,52.4417,
E01009855,Dudley 042C,-2.13513,52.4334,5
E01009856,Dudley 035A,-2.13708,52.454,74
E01009857,Dudley 040B,-2.13211,52.4502,23
E01009858,Dudley 040C,-2.14338,52.4504,16
E01009859,Dudley 040D,-2.13136,52.4455,9
E01009860,Dudley 042D,-2.12254,52.4501,23
E01009861,Dudley 033C,-2.08126,52.4597,20
E01009862,Dudley 033D,-2.09192,52.4566,16
E01009863,Dudley 033E,-2.07484,52.4594,14
E01009864,Dudley 025A,-2.10218,52.4775,14
E01009865,Dudley 025B,-2.09847,52.4738,33
E01009866,Dudley 025C,-2.10491,52.472,36
E01009867,Dudley 025D,-2.10944,52.4665,14
E01009868,Dudley 033F,-2.08375,52.463,14
E01009869,Dudley 032C,-2.09988,52.4666,3
E01009870,Dudley 032D,-2.09264,52.4636,4
E01009871,Dudley 018D,-2.07053,52.4881,25
E01009872,Dudley 020A,-2.08485,52.4882,12
E01009873,Dudley 020B,-2.09307,52.4906,32
E01009874,Dudley 020C,-2.0993,52.4858,13
E01009875,Dudley 018E,-2.07407,52.4826,11
E01009876,Dudley 020D,-2.07893,52.4797,18
E01009877,Dudley 020E,-2.08735,52.4812,23
E01009878,Dudley 025E,-2.08845,52.477,10
E01009879,Dudley 011B,-2.0902,52.5149,32
E01009880,Dudley 009D,-2.10137,52.519,6
E01009881,Dudley 011C,-2.09226,52.5111,73
E01009882,Dudley 009E,-2.10439,52.5129,4
E01009883,Dudley 013C,-2.11315,52.5097,6
E01009884,Dudley 013D,-2.11512,52.503,30
E01009885,Dudley 011D,-2.09836,52.5062,25
E01009886,Dudley 013E,-2.10878,52.5067,35
E01009887,Dudley 015A,-2.07957,52.5005,15
E01009888,Dudley 015B,-2.0693,52.5016,9
E01009889,Dudley 015C,-2.08252,52.5056,71
E01009890,Dudley 015D,-2.07355,52.4962,32
E01009891,Dudley 010A,-2.06232,52.5107,9
E01009892,Dudley 010B,-2.07579,52.5112,85
E01009893,Dudley 010C,-2.06771,52.5102,30
E01009894,Dudley 010D,-2.06436,52.5046,7
E01009895,Dudley 002D,-2.12718,52.5462,15
E01009896,Dudley 003A,-2.13147,52.5423,5
E01009897,Dudley 003B,-2.13391,52.5349,
E01009898,Dudley 003C,-2.12615,52.5341,10
E01009899,Dudley 008E,-2.14862,52.5255,4
E01009900,Dudley 008F,-2.13958,52.5246,4
E01009901,Dudley 003D,-2.12827,52.5522,3
E01009902,Dudley 003E,-2.13383,52.5473,6
E01009903,Dudley 029A,-2.17008,52.4605,5
E01009904,Dudley 029B,-2.16563,52.4632,7
E01009905,Dudley 035B,-2.16269,52.4587,8
E01009906,Dudley 035C,-2.15527,52.4578,30
E01009907,Dudley 035D,-2.15666,52.4555,17
E01009908,Dudley 035E,-2.15329,52.4529,2
E01009909,Dudley 029C,-2.15934,52.4666,8
E01009910,Dudley 029D,-2.1662,52.4667,12
E01009911,Dudley 021A,-2.15017,52.4833,6
E01009912,Dudley 021B,-2.15784,52.4861,17
E01009913,Dudley 021C,-2.14412,52.4863,47
E01009914,Dudley 021D,-2.17301,52.4826,3
E01009915,Dudley 021E,-2.15492,52.4803,17
E01009916,Dudley 021F,-2.16587,52.4803,12
E01009917,Dudley 024A,-2.17197,52.4771,1
E01009918,Dudley 024B,-2.16492,52.4745,8
E01009919,Dudley 024C,-2.17129,52.4754,4
E01009920,Dudley 024D,-2.15907,52.4725,8
E01009921,Sandwell 034A,-1.96932,52.4791,14
E01009922,Sandwell 034B,-1.98117,52.4786,12
E01009923,Sandwell 036A,-1.98812,52.4764,12
E01009924,Sandwell 034C,-1.97501,52.4745,15
E01009925,Sandwell 034D,-1.98063,52.471,4
E01009926,Sandwell 034E,-1.9774,52.4787,6
E01009927,Sandwell 034F,-1.96949,52.4743,70
E01009928,Sandwell 034G,-1.97297,52.4807,29
E01009929,Sandwell 033A,-2.04055,52.4796,18
E01009930,Sandwell 033B,-2.0339,52.4821,10
E01009931,Sandwell 033C,-2.05076,52.4781,9
E01009932,Sandwell 033D,-2.04257,52.4741,41
E01009933,Sandwell 035A,-2.05078,52.4709,10
E01009934,Sandwell 027A,-2.02861,52.4929,34
E01009935,Sandwell 027B,-2.03366,52.491,27
E01009936,Sandwell 027C,-2.03401,52.4866,11
E01009937,Sandwell 032A,-1.99288,52.4799,14
E01009938,Sandwell 031A,-1.98501,52.481,7
E01009939,Sandwell 032B,-2.00102,52.4807,10
E01009940,Sandwell 032C,-1.99811,52.4752,13
E01009941,Sandwell 032D,-1.99827,52.4879,12
E01009942,Sandwell 032E,-1.99718,52.4837,8
E01009943,Sandwell 031B,-1.9866,52.4869,14
E01009944,Sandwell 031C,-1.98881,52.4855,22
E01009946,Sandwell 039A,-1.98397,52.535,6
E01009947,Sandwell 017A,-1.98031,52.5294,103
E01009948,Sandwell 039B,-1.97855,52.5487,3
E01009949,Sandwell 039C,-1.96018,52.5457,6
E01009950,Sandwell 039D,-1.98093,52.5436,19
E01009951,Sandwell 039E,-1.97343,52.5469,27
E01009952,Sandwell 035B,-2.06762,52.4718,20
E01009953,Sandwell 038A,-2.08846,52.4704,40
E01009954,Sandwell 038B,-2.07566,52.4653,20
E01009955,Sandwell 035C,-2.07856,52.4739,42
E01009956,Sandwell 035D,-2.06172,52.4744,26
E01009957,Sandwell 038C,-2.07438,52.471,18
E01009958,Sandwell 038D,-2.06337,52.4665,3
E01009959,Sandwell 035E,-2.05459,52.4671,4
E01009960,Sandwell 003A,-1.99785,52.5573,17
E01009961,Sandwell 003B,-2.0003,52.5608,12
E01009962,Sandwell 004A,-1.9938,52.5541,12
E01009963,Sandwell 004B,-1.99684,52.5497,24
E01009964,Sandwell 004C,-1.98094,52.5519,14
E01009965,Sandwell 004D,-1.9894,52.5506,5
E01009966,Sandwell 003C,-2.0049,52.5504,45
E01009967,Sandwell 003D,-1.98741,52.558,13
E01009968,Sandwell 006A,-1.94805,52.5506,13
E01009969,Sandwell 002A,-1.96297,52.5535,8
E01009970,Sandwell 002B,-1.96612,52.5601,8
E01009971,Sandwell 002C,-1.95755,52.56,24
E01009972,Sandwell 006B,-1.93962,52.5561,8
E01009973,Sandwell 002D,-1.967,52.5551,14
E01009974,Sandwell 006C,-1.93544,52.5495,9
E01009975,Sandwell 006D,-1.9282,52.5498,3
E01009976,Sandwell 016A,-2.04604,52.5297,13
E01009977,Sandwell 016B,-2.03685,52.5345,48
E01009978,Sandwell 014A,-2.05382,52.5365,10
E01009979,Sandwell 016C,-2.0308,52.5258,25
E01009980,Sandwell 016D,-2.0421,52.525,31
E01009981,Sandwell 018A,-2.0244,52.5243,22
E01009982,Sandwell 009A,-2.03803,52.5409,24
E01009983,Sandwell 009B,-2.04671,52.5357,27
E01009985,Sandwell 018C,-2.01109,52.517,7
E01009986,Sandwell 019A,-2.00478,52.516,8
E01009987,Sandwell 019B,-2.00677,52.5203,28
E01009988,Sandwell 020A,-1.99704,52.5139,53
E01009989,Sandwell 019C,-2.00705,52.5108,14
E01009991,Sandwell 010A,-1.99669,52.5336,16
E01009992,Sandwell 017B,-1.99605,52.5267,22
E01009993,Sandwell 017C,-1.99284,52.5292,23
E01009994,Sandwell 010B,-1.98818,52.5474,24
E01009995,Sandwell 010C,-1.99796,52.5444,8
E01009996,Sandwell 010D,-1.98932,52.5399,9
E01009997,Sandwell 010E,-1.99265,52.5364,12
E01009998,Sandwell 010F,-2.00182,52.5383,30
E01009999,Sandwell 033E,-2.03072,52.4798,29
E01010000,Sandwell 030A,-2.00905,52.4805,20
E01010001,Sandwell 037A,-2.01607,52.4782,14
E01010002,Sandwell 030B,-2.01816,52.4877,17
E01010003,Sandwell 030C,-2.01302,52.4906,18
E01010004,Sandwell 027D,-2.02357,52.4899,33
E01010005,Sandwell 030D,-2.00551,52.4882,21
E01010006,Sandwell 030E,-2.01226,52.4835,9
E01010007,Sandwell 012A,-1.94161,52.5366,11
E01010008,Sandwell 011A,-1.9345,52.5386,6
E01010009,Sandwell 012B,-1.95147,52.5346,13
E01010010,Sandwell 011B,-1.93396,52.5347,21
E01010011,Sandwell 011C,-1.93374,52.5431,11
E01010012,Sandwell 011D,-1.94263,52.5428,7
E01010013,Sandwell 012C,-1.94519,52.5404,2
E01010014,Sandwell 012D,-1.9572,52.54,6
E01010015,Sandwell 021A,-2.03347,52.511,14
E01010016,Sandwell 021B,-2.05053,52.5123,27
E01010017,Sandwell 024A,-2.00927,52.5047,47
E01010018,Sandwell 021C,-2.02462,52.5022,22
E01010019,Sandwell 024B,-2.00389,52.4983,25
E01010020,Sandwell 024C,-1.99345,52.4924,15
E01010021,Sandwell 024D,-2.00188,52.4928,19
E01010022,Sandwell 037B,-2.00895,52.4641,3
E01010023,Sandwell 037C,-1.99968,52.4659,21
E01010024,Sandwell 036B,-1.99175,52.4668,3
E01010025,Sandwell 037D,-2.0087,52.4725,12
E01010026,Sandwell 036C,-1.99674,52.4718,5
E01010027,Sandwell 036D,-1.9888,52.4702,24
E01010028,Sandwell 037E,-2.00607,52.4683,11
E01010029,Sandwell 009C,-2.05206,52.542,13
E01010030,Sandwell 007A,-2.06678,52.5414,33
E01010031,Sandwell 014B,-2.0593,52.5429,54
E01010032,Sandwell 014C,-2.06277,52.538,24
E01010033,Sandwell 014D,-2.05782,52.5389,34
E01010034,Sandwell 007B,-2.04332,52.5504,6
E01010035,Sandwell 007C,-2.0505,52.5494,17
E01010036,Sandwell 007D,-2.06654,52.5461,25
E01010037,Sandwell 009D,-2.04471,52.5431,24
E01010038,Sandwell 029A,-2.04939,52.4907,14
E01010039,Sandwell 025A,-2.06032,52.4846,22
E01010040,Sandwell 029B,-2.04592,52.4848,9
E01010041,Sandwell 029C,-2.04107,52.4843,26
E01010042,Sandwell 035F,-2.06619,52.4812,23
E01010043,Sandwell 025B,-2.06041,52.4967,8
E01010044,Sandwell 025C,-2.06388,52.4911,19
E01010045,Sandwell 029D,-2.03968,52.49,12
E01010046,Sandwell 023A,-1.96836,52.4995,39
E01010047,Sandwell 023B,-1.97461,52.5027,27
E01010048,Sandwell 023C,-1.98009,52.4982,7
E01010049,Sandwell 023D,-1.97713,52.4959,17
E01010050,Sandwell 023E,-1.98333,52.4949,4
E01010051,Sandwell 031D,-1.98382,52.492,5
E01010052,Sandwell 023F,-1.96683,52.506,19
E01010053,Sandwell 023G,-1.98872,52.5027,13
E01010054,Sandwell 028A,-1.97317,52.4939,41
E01010055,Sandwell 028B,-1.97376,52.4891,17
E01010056,Sandwell 028C,-1.97877,52.4895,17
E01010057,Sandwell 028D,-1.9684,52.4885,8
E01010058,Sandwell 031E,-1.97565,52.4846,32
E01010059,Sandwell 026A,-1.95883,52.4842,37
E01010060,Sandwell 028E,-1.96634,52.4842,28
E01010061,Sandwell 026B,-1.95936,52.4873,47
E01010062,Sandwell 026C,-1.9643,52.4967,23
E01010063,Sandwell 026D,-1.94794,52.4941,42
E01010064,Sandwell 026E,-1.96382,52.491,32
E01010065,Sandwell 026F,-1.95213,52.4869,35
E01010066,Sandwell 015A,-2.06393,52.5251,26
E01010067,Sandwell 015B,-2.04836,52.5255,23
E01010068,Sandwell 015C,-2.07577,52.5267,5
E01010069,Sandwell 016E,-2.04235,52.5193,18
E01010070,Sandwell 015D,-2.06784,52.5209,18
E01010071,Sandwell 016F,-2.05728,52.5202,30
E01010072,Sandwell 021D,-2.05793,52.5164,30
E01010073,Sandwell 021E,-2.03721,52.5146,11
E01010074,Sandwell 014E,-2.07009,52.5353,54
E01010075,Sandwell 015E,-2.05695,52.5283,9
E01010076,Sandwell 015F,-2.06094,52.5302,17
E01010077,Sandwell 022A,-2.04491,52.5012,22
E01010078,Sandwell 025D,-2.05504,52.5013,6
E01010079,Sandwell 022B,-2.0391,52.499,7
E01010080,Sandwell 022C,-2.03134,52.4986,18
E01010081,Sandwell 022D,-2.05601,52.5096,4
E01010082,Sandwell 022E,-2.0464,52.5073,15
E01010083,Sandwell 022F,-2.05404,52.5051,24
E01010084,Sandwell 022G,-2.03984,52.5054,12
E01010085,Sandwell 001A,-2.00806,52.5601,25
E01010086,Sandwell 001B,-2.02178,52.5642,22
E01010087,Sandwell 001C,-2.01284,52.5651,17
E01010088,Sandwell 001D,-2.013,52.5616,11
E01010089,Sandwell 001E,-2.02314,52.5596,13
E01010090,Sandwell 005A,-2.02987,52.5552,43
E01010091,Sandwell 005B,-2.01686,52.5546,17
E01010092,Sandwell 003E,-2.00545,52.5537,20
E01010093,Sandwell 013A,-2.01705,52.534,21
E01010094,Sandwell 013B,-2.01152,52.5357,16
E01010095,Sandwell 013C,-2.02533,52.5375,16
E01010096,Sandwell 005C,-2.01385,52.5489,26
E01010097,Sandwell 005D,-2.03796,52.5458,12
E01010098,Sandwell 013D,-2.00781,52.5442,32
E01010099,Sandwell 013E,-2.00761,52.5406,12
E01010100,Sandwell 013F,-2.02027,52.5441,21
E01010101,Sandwell 020B,-1.96655,52.5167,20
E01010102,Sandwell 020C,-1.98929,52.5117,47
E01010103,Sandwell 017D,-2.00543,52.5258,50
E01010104,Sandwell 017E,-1.98593,52.5221,19
E01010105,Sandwell 017F,-1.97752,52.5194,16
E01010106,Sandwell 019D,-1.9972,52.5206,80
E01010107,Sandwell 020D,-1.98643,52.5163,37
E01010108,Solihull 017A,-1.69769,52.4145,5
E01010109,Solihull 009A,-1.72677,52.451,130
E01010110,Solihull 009B,-1.71882,52.4706,12
E01010111,Solihull 008A,-1.73822,52.4748,31
E01010112,Solihull 009C,-1.73472,52.472,12
E01010113,Solihull 009D,-1.75121,52.472,7
E01010114,Solihull 009E,-1.75247,52.4674,14
E01010115,Solihull 015A,-1.73102,52.416,12
E01010116,Solihull 015B,-1.75929,52.4287,5
E01010117,Solihull 003A,-1.76556,52.5093,8
E01010118,Solihull 001A,-1.7792,52.5089,5
E01010119,Solihull 003B,-1.7618,52.5063,10
E01010120,Solihull 001B,-1.76711,52.5131,6
E01010121,Solihull 001C,-1.77915,52.504,4
E01010122,Solihull 001D,-1.78641,52.5063,6
E01010123,Solihull 003C,-1.75867,52.5029,19
E01010124,Solihull 003D,-1.76855,52.5034,5
E01010125,Solihull 006A,-1.7367,52.4807,93
E01010126,Solihull 008B,-1.72358,52.4804,16
E01010127,Solihull 008C,-1.72863,52.4853,22
E01010128,Solihull 008D,-1.72437,52.4746,20
E01010129,Solihull 006B,-1.74387,52.4765,11
E01010130,Solihull 008E,-1.72916,52.4767,30
E01010131,Solihull 008F,-1.73113,52.4728,23
E01010132,Solihull 011A,-1.76698,52.4413,22
E01010133,Solihull 011B,-1.78016,52.4468,12
E01010134,Solihull 011C,-1.77255,52.4481,2
E01010135,Solihull 011D,-1.77932,52.4386,17
E01010136,Solihull 012A,-1.79411,52.4375,13
E01010137,Solihull 012B,-1.78692,52.4376,19
E01010138,Solihull 011E,-1.76031,52.4443,4
E01010139,Solihull 006C,-1.73782,52.489,19
E01010140,Solihull 007A,-1.74683,52.482,20
E01010141,Solihull 006D,-1.73915,52.4855,23
E01010142,Solihull 007B,-1.75389,52.4831,26
E01010143,Solihull 007C,-1.74974,52.477,32
E01010144,Solihull 007D,-1.75529,52.4769,8
E01010145,Solihull 005A,-1.74483,52.4926,25
E01010146,Solihull 004A,-1.7517,52.4967,48
E01010147,Solihull 005B,-1.75105,52.4905,20
E01010148,Solihull 005C,-1.75681,52.4927,26
E01010149,Solihull 005D,-1.75634,52.487,31
E01010150,Solihull 028A,-1.76044,52.3899,1
E01010151,Solihull 026A,-1.73071,52.3866,31
E01010152,Solihull 026B,-1.74215,52.3848,2
E01010153,Solihull 026C,-1.73271,52.3757,11
E01010154,Solihull 026D,-1.74991,52.4034,9
E01010155,Solihull 026E,-1.73696,52.3959,3
E01010156,Solihull 026F,-1.75255,52.3927,6
E01010157,Solihull 010A,-1.80348,52.4495,2
E01010158,Solihull 012C,-1.78902,52.4469,38
E01010159,Solihull 010B,-1.78601,52.4505,8
E01010160,Solihull 012D,-1.79311,52.4438,12
E01010161,Solihull 012E,-1.79886,52.4415,6
E01010162,Solihull 010C,-1.79936,52.4547,4
E01010163,Solihull 010D,-1.79867,52.4498,8
E01010164,Solihull 017B,-1.62089,52.4351,6
E01010165,Solihull 017C,-1.65523,52.4351,13
E01010166,Solihull 025A,-1.62346,52.3891,2
E01010167,Solihull 017D,-1.69148,52.3791,6
E01010168,Solihull 025B,-1.65708,52.4165,10
E01010169,Solihull 025C,-1.64697,52.389,34
E01010170,Solihull 025D,-1.65477,52.3888,3
E01010171,Solihull 025E,-1.65919,52.3835,5
E01010172,Solihull 014A,-1.79445,52.4333,3
E01010173,Solihull 014B,-1.80306,52.4264,6
E01010174,Solihull 013A,-1.82007,52.4298,18
E01010175,Solihull 013B,-1.81083,52.4316,7
E01010176,Solihull 014C,-1.81807,52.4244,3
E01010177,Solihull 013C,-1.80547,52.4425,7
E01010178,Solihull 013D,-1.81053,52.4398,32
E01010179,Solihull 014D,-1.80158,52.4343,2
E01010180,Solihull 029A,-1.81862,52.3796,5
E01010181,Solihull 029B,-1.84738,52.3892,6
E01010183,Solihull 029D,-1.8039,52.3758,7
E01010184,Solihull 028B,-1.76089,52.3828,10
E01010185,Solihull 028C,-1.76383,52.3685,1
E01010186,Solihull 028D,-1.75444,52.3776,
E01010187,Solihull 028E,-1.7711,52.3814,6
E01010188,Solihull 028F,-1.74965,52.3656,18
E01010189,Solihull 029E,-1.77972,52.3552,4
E01010190,Solihull 024A,-1.77011,52.4017,4
E01010191,Solihull 022A,-1.79776,52.4051,9
E01010192,Solihull 019A,-1.78594,52.4073,137
E01010193,Solihull 024B,-1.79053,52.4012,1
E01010194,Solihull 024C,-1.7809,52.3994,3
E01010195,Solihull 016A,-1.79489,52.4211,
E01010196,Solihull 019B,-1.80498,52.418,9
E01010197,Solihull 019C,-1.79619,52.4139,5
E01010198,Solihull 019D,-1.77209,52.4083,38
E01010199,Solihull 018A,-1.81236,52.4115,7
E01010200,Solihull 018B,-1.81908,52.4059,18
E01010201,Solihull 018C,-1.8219,52.4098,10
E01010202,Solihull 022B,-1.80633,52.4067,1
E01010203,Solihull 022C,-1.81586,52.4029,14
E01010204,Solihull 018D,-1.82642,52.4196,54
E01010205,Solihull 018E,-1.81491,52.417,18
E01010206,Solihull 018F,-1.82365,52.4143,9
E01010207,Solihull 024D,-1.79051,52.3957,17
E01010208,Solihull 023A,-1.82402,52.4022,1
E01010209,Solihull 022D,-1.80716,52.3994,16
E01010210,Solihull 023B,-1.83292,52.4009,7
E01010211,Solihull 023C,-1.82942,52.3965,12
E01010212,Solihull 027A,-1.77942,52.3922,2
E01010213,Solihull 022E,-1.81318,52.395,27
E01010214,Solihull 027B,-1.7985,52.3928,8
E01010215,Solihull 027C,-1.80159,52.389,3
E01010216,Solihull 027D,-1.78924,52.3846,8
E01010217,Solihull 023D,-1.83997,52.4017,3
E01010218,Solihull 021A,-1.86497,52.4083,21
E01010219,Solihull 021B,-1.84513,52.4056,6
E01010220,Solihull 030A,-1.83681,52.4067,8
E01010221,Solihull 021C,-1.85162,52.4036,9
E01010222,Solihull 021D,-1.8587,52.406,7
E01010223,Solihull 030B,-1.8303,52.4083,13
E01010225,Solihull 030C,-1.84017,52.4106,5
E01010226,Solihull 016B,-1.76697,52.4145,22
E01010227,Solihull 015C,-1.74965,52.4177,7
E01010228,Solihull 015D,-1.77342,52.4321,18
E01010229,Solihull 016C,-1.78785,52.4287,12
E01010230,Solihull 016D,-1.77685,52.4231,12
E01010231,Solihull 016E,-1.78696,52.423,5
E01010232,Solihull 015E,-1.76911,52.4278,21
E01010233,Solihull 016F,-1.76841,52.4226,27
E01010234,Solihull 004B,-1.7459,52.5043,28
E01010235,Solihull 002A,-1.75032,52.5047,19
E01010236,Solihull 002B,-1.75324,52.5062,26
E01010237,Solihull 004C,-1.74935,52.4993,21
E01010238,Solihull 004D,-1.73877,52.4949,18
E01010239,Solihull 002C,-1.75109,52.5099,13
E01010240,Solihull 002D,-1.75636,52.5092,14
E01010241,Walsall 015A,-1.8997,52.6105,48
E01010242,Walsall 015B,-1.91961,52.6166,19
E01010243,Walsall 015C,-1.91632,52.6099,5
E01010244,Walsall 015D,-1.92857,52.6019,22
E01010245,Walsall 022A,-1.91483,52.5996,5
E01010246,Walsall 022B,-1.935,52.589,20
E01010247,Walsall 022C,-1.92487,52.5975,3
E01010248,Walsall 022D,-1.91476,52.5885,4
E01010249,Walsall 004A,-1.9401,52.6299,25
E01010250,Walsall 004B,-1.91547,52.6418,19
E01010251,Walsall 007A,-1.9142,52.6283,2
E01010252,Walsall 004C,-1.9275,52.637,14
E01010253,Walsall 007B,-1.91956,52.6278,20
E01010254,Walsall 004D,-1.92544,52.6276,39
E01010255,Walsall 007C,-1.90448,52.6193,11
E01010256,Walsall 007D,-1.92699,52.6222,3
E01010257,Walsall 007E,-1.91453,52.6196,5
E01010258,Walsall 023A,-2.02108,52.5911,27
E01010259,Walsall 023B,-2.03041,52.5908,8
E01010260,Walsall 023C,-2.02343,52.5868,19
E01010261,Walsall 033A,-2.02325,52.5808,41
E01010262,Walsall 036A,-2.03781,52.5743,12
E01010263,Walsall 033B,-2.03387,52.5676,30
E01010264,Walsall 033C,-2.03238,52.5731,26
E01010265,Walsall 033D,-2.01979,52.5732,36
E01010266,Walsall 023D,-2.02436,52.594,24
E01010267,Walsall 021A,-2.01007,52.595,26
E01010268,Walsall 021B,-2.00101,52.5936,27
E01010269,Walsall 026A,-1.99818,52.588,11
E01010270,Walsall 026B,-2.00761,52.5887,14
E01010271,Walsall 017A,-2.00243,52.6049,21
E01010272,Walsall 017B,-1.99558,52.607,33
E01010273,Walsall 017C,-2.0144,52.6071,33
E01010274,Walsall 021C,-2.01357,52.6005,35
E01010275,Walsall 021D,-2.00916,52.5993,59
E01010277,Walsall 013B,-1.98821,52.6054,36
E01010279,Walsall 018B,-1.98217,52.6018,23
E01010282,Walsall 012A,-1.9938,52.6106,54
E01010283,Walsall 013D,-1.98837,52.6107,44
E01010284,Walsall 006A,-1.98956,52.6248,18
E01010285,Walsall 006B,-1.99881,52.6231,24
E01010286,Walsall 006C,-1.99179,52.6194,18
E01010287,Walsall 012B,-2.00002,52.6166,17
E01010288,Walsall 012C,-1.99275,52.6148,50
E01010289,Walsall 012D,-1.98538,52.6155,28
E01010290,Walsall 006D,-1.99795,52.6328,28
E01010291,Walsall 009A,-2.02446,52.6173,41
E01010292,Walsall 008A,-2.00782,52.6209,78
E01010293,Walsall 009B,-2.013,52.6211,12
E01010294,Walsall 008B,-2.01231,52.6141,35
E01010295,Walsall 017D,-2.00222,52.6096,33
E01010296,Walsall 008C,-2.0137,52.629,2
E01010297,Walsall 008D,-2.00871,52.6298,1
E01010298,Walsall 009C,-2.01821,52.6255,11
E01010299,Walsall 009D,-2.02568,52.6237,28
E01010300,Walsall 009E,-2.01936,52.6203,27
E01010301,Walsall 001A,-1.95506,52.6594,22
E01010302,Walsall 002A,-1.91761,52.6521,28
E01010303,Walsall 001B,-1.94333,52.6544,13
E01010304,Walsall 002B,-1.91599,52.6564,10
E01010305,Walsall 002C,-1.93006,52.6509,20
E01010306,Walsall 001C,-1.94023,52.6468,47
E01010307,Walsall 001D,-1.94935,52.6377,21
E01010308,Walsall 002D,-1.93056,52.6427,40
E01010309,Walsall 036B,-2.04021,52.5668,26
E01010310,Walsall 038A,-2.04897,52.5631,13
E01010311,Walsall 036C,-2.03236,52.5635,24
E01010312,Walsall 038B,-2.04585,52.5704,58
E01010313,Walsall 038C,-2.03936,52.5604,8
E01010314,Walsall 038D,-2.05078,52.56,23
E01010315,Walsall 038E,-2.04871,52.5559,34
E01010316,Walsall 036D,-2.04365,52.5742,13
E01010317,Walsall 024A,-1.95546,52.5908,5
E01010318,Walsall 024B,-1.97739,52.5913,36
E01010319,Walsall 010A,-1.95079,52.6151,7
E01010320,Walsall 016A,-1.93877,52.6141,9
E01010321,Walsall 010B,-1.96078,52.6151,17
E01010322,Walsall 016B,-1.95235,52.6065,16
E01010323,Walsall 016C,-1.95104,52.6101,33
E01010324,Walsall 016D,-1.96157,52.6043,48
E01010325,Walsall 024C,-1.97013,52.5957,16
E01010326,Walsall 029A,-1.96209,52.5823,12
E01010327,Walsall 029B,-1.96807,52.5821,22
E01010328,Walsall 029C,-1.9539,52.5781,1
E01010329,Walsall 039A,-1.93892,52.5812,2
E01010330,Walsall 029D,-1.96754,52.5779,13
E01010331,Walsall 035A,-1.94246,52.5741,1
E01010332,Walsall 035B,-1.95729,52.5715,5
E01010333,Walsall 035C,-1.95082,52.5675,2
E01010334,Walsall 035D,-1.94319,52.5645,1
E01010335,Walsall 037A,-1.98084,52.5643,13
E01010336,Walsall 034A,-1.99146,52.5675,27
E01010337,Walsall 037B,-1.9709,52.5614,23
E01010338,Walsall 037C,-1.97631,52.5675,5
E01010339,Walsall 037D,-1.96804,52.5662,
E01010340,Walsall 034B,-1.98523,52.576,34
E01010341,Walsall 034C,-1.9908,52.5731,14
E01010342,Walsall 034D,-1.9801,52.5728,18
E01010343,Walsall 034E,-1.98732,52.5723,14
E01010344,Walsall 034F,-1.98308,52.5691,13
E01010345,Walsall 003A,-1.96707,52.6365,5
E01010346,Walsall 003B,-1.96205,52.6356,
E01010347,Walsall 003C,-1.97351,52.6331,30
E01010348,Walsall 005A,-1.97189,52.6275,12
E01010349,Walsall 005B,-1.96476,52.6269,17
E01010350,Walsall 003D,-1.97938,52.6339,3
E01010351,Walsall 005C,-1.96469,52.6178,6
E01010352,Walsall 005D,-1.97274,52.6232,8
E01010353,Walsall 010C,-1.95086,52.622,12
E01010354,Walsall 010D,-1.95535,52.6199,6
E01010355,Walsall 039B,-1.90169,52.5599,6
E01010356,Walsall 039C,-1.92059,52.5671,19
E01010357,Walsall 039D,-1.91943,52.5572,15
E01010358,Walsall 039E,-1.8992,52.5578,10
E01010359,Walsall 039F,-1.90662,52.5571,11
E01010360,Walsall 039G,-1.90948,52.5537,7
E01010361,Walsall 031A,-2.00229,52.5693,12
E01010362,Walsall 026C,-2.00789,52.5821,24
E01010363,Walsall 026D,-1.99545,52.5822,64
E01010364,Walsall 031B,-1.99953,52.5805,7
E01010365,Walsall 031C,-1.9993,52.5729,72
E01010366,Walsall 031D,-2.00464,52.5763,8
E01010367,Walsall 031E,-2.00968,52.5708,24
E01010368,Walsall 030A,-1.98722,52.5903,254
E01010369,Walsall 024D,-1.97384,52.5859,43
E01010370,Walsall 030B,-1.97545,52.5809,34
E01010371,Walsall 030C,-1.98376,52.5809,151
E01010372,Walsall 030D,-1.97843,52.5755,20
E01010373,Walsall 030E,-1.96995,52.573,13
E01010374,Walsall 018D,-1.98867,52.5979,38
E01010375,Walsall 018E,-1.98784,52.5943,68
E01010376,Walsall 020A,-2.04106,52.5933,4
E01010377,Walsall 020B,-2.05259,52.5969,21
E01010378,Walsall 019A,-2.0241,52.597,10
E01010379,Walsall 019B,-2.02353,52.6039,15
E01010380,Walsall 020C,-2.04845,52.6031,13
E01010381,Walsall 020D,-2.0418,52.6009,39
E01010382,Walsall 019C,-2.03174,52.6012,10
E01010383,Walsall 019D,-2.03811,52.5968,27
E01010384,Walsall 032A,-1.9019,52.5734,3
E01010385,Walsall 028A,-1.8794,52.5837,5
E01010386,Walsall 028B,-1.88798,52.5804,6
E01010387,Walsall 028C,-1.88677,52.5756,2
E01010388,Walsall 022E,-1.90062,52.5912,7
E01010389,Walsall 032B,-1.88779,52.5665,15
E01010390,Walsall 032C,-1.89871,52.5684,7
E01010391,Walsall 032D,-1.8875,52.5719,6
E01010392,Walsall 028D,-1.88719,52.59,2
E01010393,Walsall 014A,-2.04266,52.6042,6
E01010394,Walsall 014B,-2.04217,52.61,5
E01010395,Walsall 011A,-2.04726,52.61,2
E01010396,Walsall 014C,-2.03512,52.6101,30
E01010397,Walsall 011B,-2.03686,52.6158,48
E01010398,Walsall 011C,-2.04793,52.6169,4
E01010399,Walsall 011D,-2.04301,52.6162,6
E01010400,Walsall 014D,-2.03164,52.6153,43
E01010401,Walsall 025A,-2.07127,52.588,20
E01010402,Walsall 027A,-2.03485,52.5863,17
E01010403,Walsall 025B,-2.0452,52.5872,27
E01010404,Walsall 025C,-2.05966,52.5813,26
E01010405,Walsall 027B,-2.04053,52.5823,41
E01010406,Walsall 027C,-2.05205,52.5775,80
E01010407,Walsall 025D,-2.0622,52.5925,7
E01010408,Walsall 025E,-2.0527,52.5904,14
E01010409,Walsall 027D,-2.04144,52.5901,23
E01010410,Wolverhampton 033A,-2.07274,52.5597,79
E01010411,Wolverhampton 033B,-2.05668,52.5513,12
E01010412,Wolverhampton 033C,-2.06535,52.5557,30
E01010413,Wolverhampton 033D,-2.06274,52.5506,16
E01010414,Wolverhampton 027A,-2.06172,52.5654,64
E01010415,Wolverhampton 027B,-2.05708,52.572,26
E01010416,Wolverhampton 027C,-2.06774,52.5679,27
E01010417,Wolverhampton 023A,-2.08275,52.5769,6
E01010418,Wolverhampton 022A,-2.06151,52.5765,4
E01010419,Wolverhampton 023B,-2.08181,52.5723,16
E01010420,Wolverhampton 023C,-2.08942,52.5737,9
E01010421,Wolverhampton 022B,-2.06689,52.5732,21
E01010422,Wolverhampton 027D,-2.07483,52.571,19
E01010423,Wolverhampton 022C,-2.07244,52.5818,22
E01010424,Wolverhampton 022D,-2.07432,52.5776,5
E01010425,Wolverhampton 023D,-2.07787,52.58,12
E01010426,Wolverhampton 035A,-2.13456,52.5751,12
E01010427,Wolverhampton 030A,-2.12815,52.567,19
E01010428,Wolverhampton 035B,-2.12481,52.5707,20
E01010429,Wolverhampton 035C,-2.13086,52.5703,6
E01010430,Wolverhampton 035D,-2.1189,52.5667,21
E01010431,Wolverhampton 030B,-2.13382,52.5634,7
E01010432,Wolverhampton 030C,-2.12705,52.5596,21
E01010433,Wolverhampton 035E,-2.1272,52.5749,22
E01010434,Wolverhampton 001A,-2.12263,52.6181,9
E01010435,Wolverhampton 006A,-2.12541,52.6104,11
E01010436,Wolverhampton 001B,-2.12117,52.6334,11
E01010437,Wolverhampton 001C,-2.11385,52.632,2
E01010438,Wolverhampton 001D,-2.12421,52.6283,5
E01010439,Wolverhampton 001E,-2.10748,52.628,13
E01010440,Wolverhampton 001F,-2.11766,52.6257,8
E01010441,Wolverhampton 001G,-2.10967,52.6211,15
E01010442,Wolverhampton 018A,-2.10308,52.5768,19
E01010443,Wolverhampton 018B,-2.10653,52.5832,13
E01010444,Wolverhampton 018C,-2.09289,52.5895,4
E01010445,Wolverhampton 018D,-2.10117,52.589,26
E01010446,Wolverhampton 023E,-2.08252,52.5836,5
E01010447,Wolverhampton 018E,-2.09348,52.5858,27
E01010448,Wolverhampton 018F,-2.09527,52.5802,16
E01010449,Wolverhampton 029A,-2.10864,52.5658,38
E01010450,Wolverhampton 029B,-2.08693,52.5677,107
E01010451,Wolverhampton 029C,-2.08859,52.5578,31
E01010452,Wolverhampton 029D,-2.107,52.5701,17
E01010453,Wolverhampton 035F,-2.11525,52.5716,30
E01010454,Wolverhampton 035G,-2.1194,52.5758,8
E01010455,Wolverhampton 029E,-2.09762,52.5685,31
E01010456,Wolverhampton 004A,-2.10242,52.6171,15
E01010457,Wolverhampton 004B,-2.09097,52.6157,16
E01010458,Wolverhampton 008A,-2.08966,52.612,39
E01010459,Wolverhampton 008B,-2.09631,52.6117,9
E01010460,Wolverhampton 008C,-2.09991,52.6062,1
E01010461,Wolverhampton 008D,-2.0953,52.6084,7
E01010462,Wolverhampton 004C,-2.0999,52.6245,20
E01010463,Wolverhampton 020A,-2.13823,52.5767,35
E01010464,Wolverhampton 020B,-2.13921,52.5823,67
E01010465,Wolverhampton 020C,-2.14832,52.5751,17
E01010466,Wolverhampton 020D,-2.14258,52.5768,20
E01010467,Wolverhampton 026A,-2.14462,52.5718,7
E01010468,Wolverhampton 026B,-2.15238,52.5728,22
E01010469,Wolverhampton 026C,-2.15647,52.5723,11
E01010470,Wolverhampton 020E,-2.14574,52.5807,27
E01010471,Wolverhampton 015A,-2.10648,52.5963,33
E01010472,Wolverhampton 015B,-2.11407,52.5933,34
E01010473,Wolverhampton 015C,-2.10869,52.59,32
E01010474,Wolverhampton 012A,-2.08352,52.6032,24
E01010475,Wolverhampton 015D,-2.0936,52.6034,9
E01010476,Wolverhampton 015E,-2.09492,52.5979,26
E01010477,Wolverhampton 015F,-2.10338,52.5998,13
E01010478,Wolverhampton 011A,-2.11624,52.5996,22
E01010479,Wolverhampton 011B,-2.10777,52.6045,7
E01010480,Wolverhampton 011C,-2.10922,52.6018,7
E01010481,Wolverhampton 004D,-2.10661,52.6152,17
E01010482,Wolverhampton 007A,-2.11032,52.6154,9
E01010483,Wolverhampton 007B,-2.11758,52.6134,27
E01010484,Wolverhampton 007C,-2.11174,52.6109,12
E01010485,Wolverhampton 007D,-2.12008,52.6079,11
E01010486,Wolverhampton 011D,-2.11538,52.6066,20
E01010487,Wolverhampton 021A,-2.16721,52.5734,6
E01010488,Wolverhampton 021B,-2.16315,52.5719,14
E01010489,Wolverhampton 028A,-2.17574,52.57,9
E01010490,Wolverhampton 028B,-2.17011,52.5681,34
E01010491,Wolverhampton 028C,-2.17315,52.5628,17
E01010492,Wolverhampton 028D,-2.17213,52.5591,5
E01010493,Wolverhampton 021C,-2.16801,52.5773,5
E01010494,Wolverhampton 028E,-2.17739,52.5754,8
E01010495,Wolverhampton 002A,-2.13271,52.6291,16
E01010496,Wolverhampton 003A,-2.14818,52.6253,12
E01010497,Wolverhampton 002B,-2.14452,52.6275,5
E01010498,Wolverhampton 003B,-2.15255,52.6222,3
E01010499,Wolverhampton 002C,-2.13137,52.6228,5
E01010500,Wolverhampton 002D,-2.13701,52.6197,20
E01010501,Wolverhampton 006B,-2.14133,52.6139,8
E01010502,Wolverhampton 006C,-2.13536,52.6139,4
E01010503,Wolverhampton 006D,-2.13667,52.6081,20
E01010504,Wolverhampton 021D,-2.16257,52.5865,9
E01010505,Wolverhampton 021E,-2.15611,52.581,17
E01010506,Wolverhampton 017A,-2.14639,52.5863,27
E01010507,Wolverhampton 021F,-2.16956,52.5823,6
E01010508,Wolverhampton 017B,-2.13927,52.588,47
E01010509,Wolverhampton 019A,-2.17748,52.5802,21
E01010510,Wolverhampton 017C,-2.15712,52.5939,13
E01010511,Wolverhampton 017D,-2.13986,52.5915,22
E01010512,Wolverhampton 017E,-2.15032,52.5897,6
E01010513,Wolverhampton 031A,-2.15666,52.5561,11
E01010514,Wolverhampton 031B,-2.16621,52.5573,5
E01010515,Wolverhampton 031C,-2.15047,52.5575,6
E01010516,Wolverhampton 026D,-2.15766,52.5667,3
E01010517,Wolverhampton 031D,-2.1633,52.5643,9
E01010518,Wolverhampton 026E,-2.14964,52.5655,6
E01010519,Wolverhampton 030D,-2.14237,52.5667,4
E01010520,Wolverhampton 030E,-2.14408,52.5596,10
E01010521,Wolverhampton 020F,-2.12412,52.591,252
E01010522,Wolverhampton 013A,-2.13448,52.6014,37
E01010523,Wolverhampton 013B,-2.15349,52.5986,11
E01010524,Wolverhampton 013C,-2.14685,52.5988,26
E01010525,Wolverhampton 013D,-2.14126,52.5981,29
E01010526,Wolverhampton 016A,-2.13419,52.5962,16
E01010527,Wolverhampton 016B,-2.13985,52.5956,37
E01010528,Wolverhampton 016C,-2.13075,52.5939,102
E01010529,Wolverhampton 016D,-2.13596,52.5928,33
E01010530,Wolverhampton 035H,-2.11909,52.5816,70
E01010531,Wolverhampton 034A,-2.09693,52.5501,26
E01010532,Wolverhampton 034B,-2.10683,52.5477,12
E01010533,Wolverhampton 032A,-2.11278,52.5615,19
E01010534,Wolverhampton 034C,-2.09579,52.5552,10
E01010535,Wolverhampton 032B,-2.10226,52.5604,12
E01010536,Wolverhampton 032C,-2.11108,52.5556,6
E01010537,Wolverhampton 032D,-2.11281,52.5518,4
E01010538,Wolverhampton 034D,-2.10541,52.5532,11
E01010539,Wolverhampton 009A,-2.15655,52.6028,20
E01010540,Wolverhampton 009B,-2.16672,52.6031,14
E01010541,Wolverhampton 003C,-2.15421,52.6187,9
E01010542,Wolverhampton 009C,-2.15206,52.6127,8
E01010543,Wolverhampton 003D,-2.15736,52.6162,7
E01010544,Wolverhampton 009D,-2.16624,52.6121,6
E01010545,Wolverhampton 009E,-2.15389,52.6059,20
E01010546,Wolverhampton 014A,-2.18306,52.6045,2
E01010547,Wolverhampton 014B,-2.16843,52.5952,17
E01010548,Wolverhampton 014C,-2.17712,52.5933,5
E01010549,Wolverhampton 014D,-2.1822,52.5929,3
E01010550,Wolverhampton 019B,-2.19568,52.5837,4
E01010551,Wolverhampton 019C,-2.17985,52.5845,12
E01010552,Wolverhampton 019D,-2.18781,52.5793,7
E01010553,Wolverhampton 014E,-2.18473,52.5979,4
E01010554,Wolverhampton 010A,-2.05633,52.6092,4
E01010555,Wolverhampton 005A,-2.06168,52.6139,12
E01010556,Wolverhampton 005B,-2.05301,52.6143,7
E01010557,Wolverhampton 005C,-2.06649,52.6114,2
E01010558,Wolverhampton 010B,-2.07734,52.6103,4
E01010559,Wolverhampton 005D,-2.05652,52.6197,12
E01010560,Wolverhampton 005E,-2.06381,52.6176,3
E01010561,Wolverhampton 012B,-2.0585,52.6006,3
E01010562,Wolverhampton 010C,-2.07399,52.6005,20
E01010563,Wolverhampton 010D,-2.05904,52.6055,20
E01010564,Wolverhampton 012C,-2.08241,52.5951,125
E01010565,Wolverhampton 012D,-2.06516,52.5996,12
E01010566,Wolverhampton 008E,-2.08277,52.6078,10
E01010567,Wolverhampton 010E,-2.06629,52.607,23
E01032527,Coventry 035G,-1.45298,52.3904,7
E01032528,Coventry 035H,-1.46173,52.3944,15
E01032529,Coventry 038E,-1.47455,52.3791,11
E01032530,Coventry 038F,-1.47826,52.3892,14
E01032531,Coventry 036E,-1.57994,52.395,101
E01032532,Coventry 036F,-1.59503,52.3962,17
E01032533,Coventry 036G,-1.58084,52.3877,12
E01032534,Coventry 037F,-1.50141,52.3891,39
E01032535,Coventry 037G,-1.4999,52.3928,11
E01032536,Coventry 001F,-1.47407,52.4538,19
E01032537,Coventry 001G,-1.47925,52.4493,23
E01032538,Coventry 001H,-1.48738,52.4484,24
E01032587,Coventry 043E,-1.50911,52.4498,19
E01032589,Birmingham 132E,-1.83418,52.4221,14
E01032590,Solihull 030D,-1.83326,52.4153,64
E01032591,Birmingham 133F,-1.94848,52.5255,8
E01032592,Sandwell 039F,-1.96832,52.5359,15
E01032885,Solihull 029F,-1.83613,52.3833,6
E01032886,Solihull 029G,-1.84228,52.3795,18
E01032887,Sandwell 018E,-2.01443,52.5239,58
E01032888,Walsall 018F,-1.97422,52.6064,71
E01032889,Walsall 013E,-1.97849,52.6179,47
E01033058,Coventry 042F,-1.55197,52.3864,14
E01033187,Dudley 006G,-2.09198,52.5256,51
E01033557,Birmingham 134B,-1.9087,52.4757,100
E01033559,Birmingham 049E,-1.91121,52.4902,39
E01033561,Birmingham 050E,-1.88445,52.4845,111
E01033562,Birmingham 087F,-1.94456,52.4525,42
E01033564,Birmingham 136C,-1.91997,52.4763,29
E01033565,Birmingham 137B,-1.91264,52.4829,46
E01033567,Birmingham 135B,-1.89909,52.4724,22
E01033615,Birmingham 135C,-1.89514,52.475,296
E01033616,Birmingham 135D,-1.90313,52.4738,40
E01033617,Birmingham 050F,-1.89327,52.4853,161
E01033618,Birmingham 137C,-1.918,52.4779,7
E01033619,Birmingham 137D,-1.91524,52.4856,37
E01033620,Birmingham 138A,-1.8997,52.4814,693
E01033621,Birmingham 035G,-1.90357,52.5122,24
E01033622,Birmingham 138B,-1.90507,52.4831,43
E01033623,Birmingham 138C,-1.90527,52.4863,65
E01033624,Birmingham 134C,-1.90527,52.4714,28
E01033625,Birmingham 138D,-1.90486,52.4778,80
E01033626,Birmingham 134D,-1.90898,52.4711,21
E01033627,Birmingham 137E,-1.91355,52.4799,64
E01033628,Birmingham 041F,-1.89837,52.5029,72
E01033629,Birmingham 106F,-1.9929,52.435,76
E01033630,Birmingham 031H,-1.85212,52.5218,27
E01033631,Birmingham 079F,-1.9212,52.4577,16
E01033632,Birmingham 023F,-1.83213,52.5266,53
E01033633,Birmingham 125G,-2.01539,52.4049,80
E01033634,Birmingham 096G,-1.93014,52.4446,37
E01033635,Birmingham 039H,-1.93974,52.5018,47
E01033636,Birmingham 037F,-1.89091,52.5066,26
E01033637,Birmingham 041G,-1.89219,52.5007,32
E01033638,Birmingham 049F,-1.91123,52.4975,45
E01033639,Birmingham 136D,-1.92261,52.4747,128
E01033640,Birmingham 134E,-1.89967,52.4697,84
E01033641,Birmingham 140G,-1.85434,52.4481,30
E01033642,Birmingham 063F,-1.84079,52.4692,9
E01033643,Birmingham 082F,-1.86225,52.4541,15
E01033644,Birmingham 052F,-1.86046,52.4878,32
E01033645,Birmingham 088E,-1.89818,52.4559,19
E01033646,Birmingham 031I,-1.85027,52.5173,39
E01033647,Birmingham 058E,-1.84722,52.4793,29
E01033648,Birmingham 084F,-1.87907,52.4516,17
E01033649,Birmingham 058F,-1.84637,52.4821,10
E01033650,Birmingham 077F,-1.8637,52.462,34
