LSOA code,LSOA name,LONG_,LAT,Bicycle theft
E01008881,Birmingham 067A,-1.81463,52.4668,2
E01008883,Birmingham 078A,-1.82302,52.4628,3
E01008884,Birmingham 078B,-1.83598,52.4603,1
E01008886,Birmingham 076B,-1.81287,52.4603,3
E01008887,Birmingham 078C,-1.81983,52.4598,1
E01008894,Birmingham 089E,-1.82147,52.448,2
E01008896,Birmingham 066B,-1.81893,52.4724,1
E01008907,Birmingham 040B,-1.91596,52.5013,2
E01008909,Birmingham 041D,-1.90218,52.4988,1
E01008910,Birmingham 050A,-1.88796,52.4969,1
E01008913,Birmingham 050B,-1.89721,52.4959,1
E01008914,Birmingham 050C,-1.89878,52.4896,2
E01008916,Birmingham 037E,-1.88303,52.5104,1
E01008917,Birmingham 102A,-2.00767,52.4414,5
E01008918,Birmingham 094A,-2.00009,52.4437,1
E01008921,Birmingham 094C,-2.0107,52.4461,1
E01008923,Birmingham 102B,-2.00587,52.4363,3
E01008929,Birmingham 106C,-1.98769,52.4306,1
E01008930,Birmingham 106D,-1.99275,52.4223,3
E01008931,Birmingham 094D,-1.9936,52.4464,1
E01008933,Birmingham 105A,-1.86472,52.4306,2
E01008935,Birmingham 111B,-1.87358,52.4244,1
E01008936,Birmingham 111C,-1.88353,52.4253,1
E01008939,Birmingham 111E,-1.87145,52.4201,1
E01008944,Birmingham 115D,-1.85525,52.412,2
E01008947,Birmingham 122C,-1.88247,52.4085,1
E01008948,Birmingham 122D,-1.88378,52.4043,1
E01008949,Birmingham 122E,-1.87964,52.4023,1
E01008950,Birmingham 113A,-1.94667,52.425,1
E01008951,Birmingham 112A,-1.93602,52.4266,1
E01008952,Birmingham 112B,-1.92107,52.4274,3
E01008953,Birmingham 107A,-1.91564,52.4249,1
E01008955,Birmingham 112C,-1.92592,52.4231,3
E01008956,Birmingham 112D,-1.93666,52.4209,1
E01008957,Birmingham 112E,-1.92362,52.4186,5
E01008958,Birmingham 113C,-1.95554,52.4192,1
E01008959,Birmingham 116A,-1.94338,52.4169,2
E01008960,Birmingham 116B,-1.93199,52.4181,1
E01008961,Birmingham 116C,-1.92971,52.4169,3
E01008964,Birmingham 107C,-1.91113,52.4354,1
E01008965,Birmingham 107D,-1.9125,52.4289,2
E01008970,Birmingham 110C,-1.90424,52.4227,1
E01008971,Birmingham 117D,-1.89082,52.4183,4
E01008973,Birmingham 118B,-1.90632,52.4159,2
E01008974,Birmingham 118C,-1.89696,52.4136,1
E01008975,Birmingham 118D,-1.9104,52.4109,1
E01008976,Birmingham 121A,-1.8891,52.4112,2
E01008977,Birmingham 123A,-1.91704,52.414,1
E01008981,Birmingham 110D,-1.89741,52.4295,1
E01008982,Birmingham 079A,-1.91039,52.4554,2
E01008986,Birmingham 064A,-1.94578,52.4742,1
E01008987,Birmingham 064B,-1.93239,52.4748,1
E01008989,Birmingham 064D,-1.95029,52.4731,2
E01008990,Birmingham 064E,-1.92797,52.4671,5
E01008992,Birmingham 079C,-1.93975,52.4622,9
E01008994,Birmingham 074B,-1.91082,52.4684,5
E01008995,Birmingham 134A,-1.90077,52.4654,3
E01008999,Birmingham 031B,-1.84279,52.5149,2
E01009000,Birmingham 031C,-1.84656,52.5183,3
E01009006,Birmingham 023C,-1.84248,52.5314,1
E01009007,Birmingham 023D,-1.83908,52.5259,11
E01009013,Birmingham 031D,-1.83937,52.5197,3
E01009014,Birmingham 090A,-1.84173,52.4444,1
E01009015,Birmingham 089G,-1.81965,52.4443,3
E01009018,Birmingham 090B,-1.83199,52.4452,2
E01009020,Birmingham 103B,-1.82516,52.4406,1
E01009022,Birmingham 098B,-1.83144,52.4387,1
E01009023,Birmingham 098C,-1.83284,52.4337,1
E01009026,Birmingham 090C,-1.84078,52.4501,1
E01009031,Birmingham 105C,-1.85231,52.4304,2
E01009033,Birmingham 103F,-1.8297,52.4271,3
E01009034,Birmingham 108B,-1.84498,52.4268,1
E01009035,Birmingham 108C,-1.83703,52.4272,1
E01009036,Birmingham 108D,-1.84034,52.422,2
E01009037,Birmingham 105D,-1.85426,52.4238,1
E01009039,Birmingham 132A,-1.84475,52.4182,3
E01009046,Birmingham 097E,-1.85335,52.4353,1
E01009047,Birmingham 040C,-1.91077,52.5056,1
E01009053,Birmingham 033B,-1.8884,52.5124,1
E01009056,Birmingham 032B,-1.92359,52.5099,1
E01009059,Birmingham 035E,-1.90838,52.5095,1
E01009064,Birmingham 095B,-1.96574,52.4459,1
E01009065,Birmingham 075A,-1.95224,52.4656,1
E01009068,Birmingham 075C,-1.95231,52.4588,3
E01009069,Birmingham 075D,-1.94711,52.4595,4
E01009070,Birmingham 073B,-1.97157,52.4582,2
E01009071,Birmingham 087B,-1.96404,52.4524,2
E01009072,Birmingham 075E,-1.96101,52.4568,4
E01009074,Birmingham 085B,-1.97462,52.4544,2
E01009075,Birmingham 087C,-1.94994,52.4541,1
E01009078,Birmingham 087E,-1.95023,52.446,1
E01009079,Birmingham 038A,-1.81698,52.5066,1
E01009090,Birmingham 042E,-1.81327,52.4921,3
E01009097,Birmingham 029B,-1.78037,52.5179,1
E01009098,Birmingham 025C,-1.80688,52.5203,5
E01009099,Birmingham 029C,-1.78973,52.5198,1
E01009101,Birmingham 029D,-1.79978,52.5131,8
E01009102,Birmingham 028D,-1.81904,52.5125,2
E01009103,Birmingham 029E,-1.79272,52.5141,2
E01009113,Birmingham 128C,-1.93479,52.389,2
E01009114,Birmingham 128D,-1.94313,52.3959,3
E01009115,Birmingham 128E,-1.93811,52.3921,1
E01009116,Birmingham 127D,-1.93876,52.4083,2
E01009117,Birmingham 126A,-1.94858,52.4078,1
E01009119,Birmingham 123C,-1.92666,52.4106,3
E01009120,Birmingham 123D,-1.92052,52.4063,1
E01009121,Birmingham 014A,-1.86543,52.5358,1
E01009126,Birmingham 026A,-1.8666,52.5261,1
E01009132,Birmingham 014D,-1.86424,52.545,2
E01009134,Birmingham 011F,-1.88209,52.5438,2
E01009140,Birmingham 060C,-1.93142,52.4795,1
E01009141,Birmingham 137A,-1.92267,52.4822,5
E01009145,Birmingham 060D,-1.95164,52.4789,1
E01009146,Birmingham 136B,-1.91365,52.4732,10
E01009152,Birmingham 053B,-1.94306,52.4845,1
E01009153,Birmingham 053C,-1.92956,52.4829,3
E01009159,Birmingham 130A,-2.00907,52.3982,4
E01009162,Birmingham 124A,-1.9876,52.4026,17
E01009165,Birmingham 129C,-1.99329,52.3951,1
E01009166,Birmingham 131A,-1.97978,52.3931,1
E01009171,Birmingham 130D,-2.00561,52.3886,1
E01009175,Birmingham 104A,-1.88294,52.4332,2
E01009177,Birmingham 104B,-1.89894,52.4344,1
E01009178,Birmingham 104C,-1.89348,52.4349,28
E01009179,Birmingham 104D,-1.88677,52.4295,2
E01009182,Birmingham 092A,-1.89085,52.4528,2
E01009183,Birmingham 088C,-1.89931,52.4479,6
E01009184,Birmingham 092B,-1.88953,52.4455,4
E01009185,Birmingham 093A,-1.87549,52.4401,1
E01009186,Birmingham 088D,-1.90236,52.4426,1
E01009187,Birmingham 092C,-1.88408,52.4431,1
E01009188,Birmingham 092D,-1.88793,52.4388,12
E01009194,Birmingham 051A,-1.84979,52.4859,1
E01009198,Birmingham 058D,-1.85722,52.4806,1
E01009200,Birmingham 139A,-1.87489,52.4764,3
E01009203,Birmingham 043C,-1.87508,52.4934,3
E01009204,Birmingham 052E,-1.87467,52.4854,3
E01009205,Birmingham 120A,-1.95274,52.4115,1
E01009208,Birmingham 124C,-1.98201,52.4025,1
E01009209,Birmingham 124D,-1.97382,52.4047,4
E01009210,Birmingham 126B,-1.9644,52.406,2
E01009213,Birmingham 124E,-1.97655,52.3993,5
E01009214,Birmingham 126D,-1.95509,52.402,1
E01009216,Birmingham 131D,-1.96263,52.3944,2
E01009218,Birmingham 120D,-1.95881,52.4158,1
E01009219,Birmingham 120E,-1.96863,52.4137,1
E01009221,Birmingham 007A,-1.88245,52.5563,1
E01009222,Birmingham 008B,-1.89546,52.5545,1
E01009225,Birmingham 013B,-1.89977,52.5492,1
E01009231,Birmingham 017D,-1.8828,52.5354,1
E01009236,Birmingham 019B,-1.91109,52.5373,2
E01009239,Birmingham 033F,-1.89358,52.5223,5
E01009241,Birmingham 024D,-1.91354,52.5266,1
E01009242,Birmingham 024E,-1.90872,52.5218,3
E01009244,Birmingham 019C,-1.9065,52.5394,1
E01009245,Birmingham 016C,-1.92682,52.5433,2
E01009248,Birmingham 019D,-1.90026,52.5361,1
E01009253,Birmingham 080D,-2.00215,52.4584,3
E01009255,Birmingham 080E,-1.98733,52.4536,1
E01009257,Birmingham 080F,-1.99468,52.4549,1
E01009258,Birmingham 085E,-1.98298,52.4516,3
E01009273,Birmingham 034E,-1.9468,52.5098,1
E01009274,Birmingham 036C,-1.95041,52.5086,2
E01009280,Birmingham 100A,-1.93012,52.4341,2
E01009282,Birmingham 100B,-1.92251,52.4327,1
E01009283,Birmingham 079E,-1.91404,52.4461,2
E01009284,Birmingham 096A,-1.93872,52.442,9
E01009286,Birmingham 096C,-1.92579,52.4401,2
E01009288,Birmingham 100C,-1.91974,52.4434,1
E01009289,Birmingham 096E,-1.93365,52.4431,5
E01009290,Birmingham 096F,-1.93009,52.4388,2
E01009292,Birmingham 099B,-1.94926,52.4423,3
E01009293,Birmingham 100D,-1.92154,52.4374,1
E01009296,Birmingham 100E,-1.91616,52.4387,1
E01009298,Birmingham 054D,-1.78749,52.4827,1
E01009299,Birmingham 057B,-1.77725,52.481,4
E01009301,Birmingham 057D,-1.7663,52.4798,2
E01009302,Birmingham 069A,-1.76086,52.4733,1
E01009303,Birmingham 057E,-1.76862,52.4759,1
E01009304,Birmingham 046A,-1.77463,52.4988,1
E01009305,Birmingham 045C,-1.78895,52.4982,2
E01009307,Birmingham 045D,-1.78276,52.4987,2
E01009310,Birmingham 046D,-1.76682,52.4964,2
E01009311,Birmingham 054E,-1.7918,52.4851,1
E01009314,Birmingham 069B,-1.78019,52.462,1
E01009315,Birmingham 081A,-1.78499,52.4558,2
E01009320,Birmingham 081F,-1.76512,52.4536,1
E01009321,Birmingham 069C,-1.76823,52.4692,1
E01009324,Birmingham 072B,-1.79033,52.4662,1
E01009327,Birmingham 139B,-1.84399,52.4725,1
E01009329,Birmingham 070A,-1.85449,52.4699,3
E01009331,Birmingham 139D,-1.8471,52.4753,1
E01009332,Birmingham 139E,-1.86172,52.473,5
E01009335,Birmingham 139G,-1.84206,52.464,1
E01009339,Birmingham 140A,-1.85579,52.4583,2
E01009341,Birmingham 066E,-1.82725,52.4786,3
E01009344,Birmingham 139H,-1.85492,52.4751,1
E01009345,Birmingham 053D,-1.93862,52.492,1
E01009346,Birmingham 053E,-1.94226,52.4889,1
E01009352,Birmingham 039C,-1.92774,52.5039,3
E01009358,Birmingham 047B,-1.92363,52.4983,2
E01009362,Birmingham 071A,-1.88963,52.4655,3
E01009363,Birmingham 071B,-1.86859,52.4674,1
E01009364,Birmingham 071C,-1.8855,52.4689,1
E01009365,Birmingham 071D,-1.87752,52.4679,1
E01009366,Birmingham 084A,-1.89445,52.4605,2
E01009367,Birmingham 083A,-1.88067,52.4609,2
E01009371,Birmingham 077D,-1.87182,52.4596,1
E01009374,Birmingham 084B,-1.8888,52.4603,2
E01009376,Birmingham 084C,-1.88788,52.4562,6
E01009378,Birmingham 135A,-1.88735,52.4707,6
E01009380,Birmingham 070E,-1.85985,52.4685,1
E01009382,Birmingham 140C,-1.86525,52.4494,6
E01009384,Birmingham 092E,-1.88598,52.4516,4
E01009385,Birmingham 092F,-1.88402,52.4473,7
E01009389,Birmingham 093B,-1.87102,52.4488,1
E01009391,Birmingham 140D,-1.85804,52.4476,1
E01009393,Birmingham 140F,-1.85915,52.445,1
E01009394,Birmingham 093D,-1.87264,52.4443,1
E01009397,Birmingham 077E,-1.87317,52.4558,4
E01009399,Birmingham 083E,-1.87566,52.4533,2
E01009404,Birmingham 020B,-1.85503,52.5355,1
E01009405,Birmingham 020C,-1.8518,52.5302,1
E01009406,Birmingham 020D,-1.8577,52.5322,1
E01009408,Birmingham 026B,-1.85755,52.5257,1
E01009409,Birmingham 026C,-1.84918,52.5234,2
E01009410,Birmingham 026D,-1.86503,52.5238,3
E01009412,Birmingham 030C,-1.85904,52.52,6
E01009414,Birmingham 030E,-1.86279,52.5128,3
E01009416,Birmingham 003A,-1.80588,52.5951,1
E01009422,Birmingham 002B,-1.84062,52.5887,1
E01009423,Birmingham 002C,-1.8249,52.5992,1
E01009424,Birmingham 004B,-1.84681,52.5701,3
E01009430,Birmingham 004E,-1.83173,52.5697,1
E01009432,Birmingham 006A,-1.81166,52.5657,2
E01009437,Birmingham 006C,-1.80699,52.547,1
E01009438,Birmingham 012C,-1.7859,52.5402,1
E01009441,Birmingham 021B,-1.75357,52.5243,1
E01009442,Birmingham 021C,-1.79305,52.5302,1
E01009443,Birmingham 021D,-1.78481,52.5308,1
E01009449,Birmingham 009A,-1.82829,52.5605,5
E01009460,Birmingham 018E,-1.83921,52.5388,1
E01009462,Birmingham 018F,-1.83168,52.5376,1
E01009463,Birmingham 015D,-1.82137,52.5394,1
E01009468,Birmingham 004F,-1.84436,52.5549,1
E01009471,Birmingham 009E,-1.82468,52.5513,1
E01009473,Birmingham 010E,-1.85771,52.5484,2
E01009474,Birmingham 010F,-1.84465,52.5476,1
E01009476,Birmingham 055B,-1.83393,52.4832,1
E01009477,Birmingham 055C,-1.82257,52.4822,1
E01009480,Birmingham 044C,-1.83102,52.4985,1
E01009483,Birmingham 051B,-1.85972,52.4936,1
E01009493,Birmingham 113D,-1.95902,52.4242,1
E01009494,Birmingham 109A,-1.96984,52.427,5
E01009497,Birmingham 109C,-1.97388,52.4184,2
E01009498,Birmingham 119D,-1.97981,52.421,1
E01009499,Birmingham 119E,-1.97867,52.4131,5
E01009500,Birmingham 095E,-1.97271,52.443,3
E01009501,Birmingham 101B,-1.97011,52.4369,2
E01009503,Birmingham 101D,-1.96455,52.4367,2
E01009504,Birmingham 109D,-1.96066,52.432,1
E01009505,Birmingham 101E,-1.97366,52.4295,1
E01009509,Birmingham 056D,-1.81351,52.4807,6
E01009512,Birmingham 062A,-1.78417,52.4757,2
E01009514,Birmingham 062B,-1.78914,52.4764,1
E01009517,Birmingham 062D,-1.78931,52.4715,1
E01009524,Coventry 006A,-1.53362,52.4408,4
E01009526,Coventry 010B,-1.54818,52.4322,5
E01009536,Coventry 033C,-1.45562,52.4003,1
E01009537,Coventry 035C,-1.45234,52.3931,1
E01009539,Coventry 039A,-1.45452,52.3853,3
E01009540,Coventry 039B,-1.46726,52.3892,3
E01009541,Coventry 039C,-1.46468,52.3808,2
E01009542,Coventry 039D,-1.46827,52.3858,2
E01009543,Coventry 033D,-1.43636,52.3997,4
E01009548,Coventry 031A,-1.50403,52.4002,12
E01009549,Coventry 037B,-1.51164,52.3966,2
E01009553,Coventry 031B,-1.52066,52.4029,10
E01009554,Coventry 034A,-1.53586,52.3991,2
E01009555,Coventry 034B,-1.54994,52.3961,4
E01009556,Coventry 034C,-1.53304,52.3965,4
E01009557,Coventry 034D,-1.53655,52.3922,3
E01009558,Coventry 034E,-1.52492,52.3995,2
E01009562,Coventry 040C,-1.49945,52.3853,1
E01009563,Coventry 040D,-1.51201,52.3828,1
E01009566,Coventry 009B,-1.50445,52.4274,5
E01009568,Coventry 009D,-1.50129,52.432,3
E01009569,Coventry 015A,-1.49027,52.4291,2
E01009570,Coventry 015B,-1.49801,52.427,3
E01009571,Coventry 015C,-1.49045,52.4262,1
E01009572,Coventry 015D,-1.49547,52.4218,7
E01009574,Coventry 015F,-1.50606,52.4159,21
E01009575,Coventry 005B,-1.49578,52.4435,12
E01009576,Coventry 008A,-1.44958,52.4353,1
E01009577,Coventry 007A,-1.46342,52.4371,2
E01009579,Coventry 007B,-1.46395,52.433,3
E01009580,Coventry 019A,-1.43538,52.4211,2
E01009581,Coventry 007C,-1.4547,52.431,2
E01009582,Coventry 008C,-1.44401,52.4303,5
E01009584,Coventry 007D,-1.45566,52.4468,1
E01009585,Coventry 007E,-1.46557,52.4401,2
E01009591,Coventry 002B,-1.51934,52.4498,1
E01009592,Coventry 043B,-1.49999,52.4474,2
E01009597,Coventry 043D,-1.50657,52.4427,3
E01009599,Coventry 013A,-1.46928,52.43,3
E01009604,Coventry 004A,-1.47976,52.4443,2
E01009607,Coventry 004C,-1.47352,52.4362,5
E01009608,Coventry 004D,-1.47709,52.4387,2
E01009609,Coventry 005D,-1.4866,52.4334,1
E01009615,Coventry 027A,-1.47946,52.4088,10
E01009616,Coventry 027B,-1.47507,52.4093,3
E01009617,Coventry 027C,-1.47325,52.4067,2
E01009619,Coventry 038D,-1.48503,52.4011,6
E01009621,Coventry 027F,-1.47791,52.4006,2
E01009624,Coventry 011B,-1.51614,52.431,2
E01009627,Coventry 012C,-1.52132,52.4242,3
E01009628,Coventry 012D,-1.52591,52.4214,1
E01009629,Coventry 020A,-1.51051,52.4191,2
E01009631,Coventry 020C,-1.5223,52.4155,3
E01009632,Coventry 020D,-1.5141,52.4139,1
E01009633,Coventry 028A,-1.49183,52.4007,2
E01009634,Coventry 028B,-1.49617,52.4,1
E01009635,Coventry 028C,-1.49578,52.4068,19
E01009636,Coventry 024A,-1.48974,52.4133,5
E01009637,Coventry 024B,-1.4994,52.4175,2
E01009638,Coventry 024C,-1.5018,52.4133,26
E01009639,Coventry 024D,-1.49582,52.4151,1
E01009641,Coventry 024F,-1.49724,52.4103,7
E01009642,Coventry 031C,-1.51165,52.408,155
E01009643,Coventry 017A,-1.54211,52.4157,1
E01009647,Coventry 017C,-1.52895,52.4137,8
E01009649,Coventry 026A,-1.5404,52.4111,1
E01009650,Coventry 020E,-1.52269,52.4107,2
E01009651,Coventry 031D,-1.52229,52.4076,4
E01009655,Coventry 016A,-1.47886,52.422,4
E01009656,Coventry 016B,-1.48268,52.4187,2
E01009659,Coventry 016C,-1.48511,52.4147,1
E01009660,Coventry 021D,-1.47807,52.4135,3
E01009661,Coventry 028D,-1.48641,52.4089,13
E01009662,Coventry 016D,-1.48249,52.4274,9
E01009664,Coventry 016E,-1.47736,52.4271,2
E01009666,Coventry 041A,-1.52877,52.3859,2
E01009668,Coventry 041C,-1.52943,52.3806,2
E01009671,Coventry 042C,-1.55095,52.372,26
E01009672,Coventry 040E,-1.51279,52.3747,1
E01009674,Coventry 029A,-1.58252,52.4001,2
E01009679,Coventry 036C,-1.56055,52.3938,2
E01009681,Coventry 032B,-1.56264,52.4066,1
E01009683,Coventry 032D,-1.56082,52.3994,3
E01009684,Coventry 026B,-1.5566,52.4096,1
E01009686,Coventry 026D,-1.55169,52.4036,4
E01009687,Coventry 026E,-1.54435,52.407,1
E01009688,Coventry 030A,-1.53785,52.4061,2
E01009689,Coventry 030B,-1.52511,52.4052,7
E01009691,Coventry 030D,-1.52923,52.4036,2
E01009695,Coventry 023A,-1.56525,52.4105,1
E01009699,Coventry 029B,-1.57542,52.4109,1
E01009700,Coventry 029C,-1.58623,52.4089,1
E01009701,Coventry 029D,-1.58734,52.4046,1
E01009702,Coventry 029E,-1.57684,52.4049,5
E01009703,Coventry 025C,-1.59965,52.4075,6
E01009706,Coventry 025D,-1.59707,52.4191,1
E01009707,Coventry 033E,-1.44152,52.4066,1
E01009712,Coventry 018C,-1.45532,52.4198,10
E01009713,Coventry 019B,-1.45179,52.4175,1
E01009721,Dudley 031A,-2.15065,52.4646,3
E01009723,Dudley 028B,-2.13154,52.4683,1
E01009731,Dudley 023A,-2.15047,52.4704,1
E01009733,Dudley 039B,-2.05421,52.448,1
E01009741,Dudley 022A,-2.11466,52.4793,2
E01009744,Dudley 022B,-2.12643,52.48,2
E01009746,Dudley 022C,-2.11577,52.4882,2
E01009749,Dudley 016A,-2.1393,52.5062,1
E01009752,Dudley 017B,-2.12848,52.4931,2
E01009753,Dudley 017C,-2.13686,52.4916,1
E01009754,Dudley 017D,-2.12368,52.4947,1
E01009757,Dudley 006C,-2.07836,52.5185,9
E01009759,Dudley 006D,-2.0824,52.5276,1
E01009762,Dudley 006F,-2.10266,52.5227,2
E01009766,Dudley 004B,-2.10076,52.5436,1
E01009771,Dudley 004D,-2.10022,52.5377,1
E01009773,Dudley 002A,-2.11821,52.5443,1
E01009789,Dudley 007C,-2.12478,52.5284,1
E01009790,Dudley 007D,-2.11354,52.5246,1
E01009796,Dudley 026D,-2.03709,52.4594,1
E01009797,Dudley 030C,-2.01774,52.4655,1
E01009805,Dudley 039E,-2.04409,52.4494,1
E01009808,Dudley 043B,-2.08507,52.4454,1
E01009810,Dudley 043C,-2.06832,52.4363,1
E01009812,Dudley 043E,-2.0827,52.4364,1
E01009819,Dudley 012C,-2.15823,52.509,1
E01009830,Dudley 019F,-2.16391,52.4903,1
E01009831,Dudley 037A,-2.11334,52.4474,1
E01009834,Dudley 031D,-2.12746,52.4559,1
E01009836,Dudley 037B,-2.12271,52.4585,1
E01009837,Dudley 037C,-2.11648,52.4541,1
E01009842,Dudley 018B,-2.08187,52.4931,2
E01009845,Dudley 041A,-2.14924,52.4337,1
E01009856,Dudley 035A,-2.13708,52.454,6
E01009860,Dudley 042D,-2.12254,52.4501,1
E01009863,Dudley 033E,-2.07484,52.4594,1
E01009867,Dudley 025D,-2.10944,52.4665,1
E01009871,Dudley 018D,-2.07053,52.4881,1
E01009874,Dudley 020C,-2.0993,52.4858,1
E01009879,Dudley 011B,-2.0902,52.5149,2
E01009881,Dudley 011C,-2.09226,52.5111,3
E01009884,Dudley 013D,-2.11512,52.503,1
E01009889,Dudley 015C,-2.08252,52.5056,1
E01009890,Dudley 015D,-2.07355,52.4962,1
E01009891,Dudley 010A,-2.06232,52.5107,1
E01009893,Dudley 010C,-2.06771,52.5102,1
E01009898,Dudley 003C,-2.12615,52.5341,1
E01009899,Dudley 008E,-2.14862,52.5255,1
E01009900,Dudley 008F,-2.13958,52.5246,1
E01009904,Dudley 029B,-2.16563,52.4632,1
E01009906,Dudley 035C,-2.15527,52.4578,2
E01009908,Dudley 035E,-2.15329,52.4529,1
E01009913,Dudley 021C,-2.14412,52.4863,2
E01009923,Sandwell 036A,-1.98812,52.4764,1
E01009927,Sandwell 034F,-1.96949,52.4743,3
E01009929,Sandwell 033A,-2.04055,52.4796,2
E01009933,Sandwell 035A,-2.05078,52.4709,1
E01009934,Sandwell 027A,-2.02861,52.4929,2
E01009937,Sandwell 032A,-1.99288,52.4799,1
E01009938,Sandwell 031A,-1.98501,52.481,1
E01009940,Sandwell 032C,-1.99811,52.4752,2
E01009941,Sandwell 032D,-1.99827,52.4879,1
E01009944,Sandwell 031C,-1.98881,52.4855,3
E01009952,Sandwell 035B,-2.06762,52.4718,1
E01009953,Sandwell 038A,-2.08846,52.4704,1
E01009954,Sandwell 038B,-2.07566,52.4653,1
E01009955,Sandwell 035C,-2.07856,52.4739,3
E01009956,Sandwell 035D,-2.06172,52.4744,2
E01009957,Sandwell 038C,-2.07438,52.471,4
E01009962,Sandwell 004A,-1.9938,52.5541,1
E01009966,Sandwell 003C,-2.0049,52.5504,1
E01009967,Sandwell 003D,-1.98741,52.558,1
E01009976,Sandwell 016A,-2.04604,52.5297,1
E01009977,Sandwell 016B,-2.03685,52.5345,3
E01009978,Sandwell 014A,-2.05382,52.5365,1
E01009979,Sandwell 016C,-2.0308,52.5258,1
E01009980,Sandwell 016D,-2.0421,52.525,2
E01009982,Sandwell 009A,-2.03803,52.5409,1
E01009983,Sandwell 009B,-2.04671,52.5357,2
E01009986,Sandwell 019A,-2.00478,52.516,1
E01009987,Sandwell 019B,-2.00677,52.5203,1
E01009989,Sandwell 019C,-2.00705,52.5108,1
E01009992,Sandwell 017B,-1.99605,52.5267,1
E01009993,Sandwell 017C,-1.99284,52.5292,1
E01009994,Sandwell 010B,-1.98818,52.5474,1
E01009997,Sandwell 010E,-1.99265,52.5364,1
E01009999,Sandwell 033E,-2.03072,52.4798,2
E01010000,Sandwell 030A,-2.00905,52.4805,2
E01010002,Sandwell 030B,-2.01816,52.4877,2
E01010012,Sandwell 011D,-1.94263,52.5428,1
E01010013,Sandwell 012C,-1.94519,52.5404,1
E01010015,Sandwell 021A,-2.03347,52.511,1
E01010017,Sandwell 024A,-2.00927,52.5047,2
E01010023,Sandwell 037C,-1.99968,52.4659,1
E01010028,Sandwell 037E,-2.00607,52.4683,2
E01010029,Sandwell 009C,-2.05206,52.542,3
E01010031,Sandwell 014B,-2.0593,52.5429,1
E01010032,Sandwell 014C,-2.06277,52.538,1
E01010035,Sandwell 007C,-2.0505,52.5494,1
E01010039,Sandwell 025A,-2.06032,52.4846,3
E01010040,Sandwell 029B,-2.04592,52.4848,1
E01010052,Sandwell 023F,-1.96683,52.506,1
E01010054,Sandwell 028A,-1.97317,52.4939,1
E01010057,Sandwell 028D,-1.9684,52.4885,1
E01010058,Sandwell 031E,-1.97565,52.4846,2
E01010061,Sandwell 026B,-1.95936,52.4873,3
E01010062,Sandwell 026C,-1.9643,52.4967,1
E01010063,Sandwell 026D,-1.94794,52.4941,1
E01010064,Sandwell 026E,-1.96382,52.491,1
E01010065,Sandwell 026F,-1.95213,52.4869,3
E01010066,Sandwell 015A,-2.06393,52.5251,1
E01010068,Sandwell 015C,-2.07577,52.5267,1
E01010069,Sandwell 016E,-2.04235,52.5193,1
E01010070,Sandwell 015D,-2.06784,52.5209,2
E01010072,Sandwell 021D,-2.05793,52.5164,2
E01010074,Sandwell 014E,-2.07009,52.5353,2
E01010077,Sandwell 022A,-2.04491,52.5012,1
E01010082,Sandwell 022E,-2.0464,52.5073,1
E01010085,Sandwell 001A,-2.00806,52.5601,2
E01010087,Sandwell 001C,-2.01284,52.5651,1
E01010090,Sandwell 005A,-2.02987,52.5552,4
E01010092,Sandwell 003E,-2.00545,52.5537,1
E01010096,Sandwell 005C,-2.01385,52.5489,1
E01010097,Sandwell 005D,-2.03796,52.5458,2
E01010099,Sandwell 013E,-2.00761,52.5406,1
E01010100,Sandwell 013F,-2.02027,52.5441,1
E01010102,Sandwell 020C,-1.98929,52.5117,2
E01010103,Sandwell 017D,-2.00543,52.5258,5
E01010105,Sandwell 017F,-1.97752,52.5194,1
E01010106,Sandwell 019D,-1.9972,52.5206,7
E01010107,Sandwell 020D,-1.98643,52.5163,2
E01010109,Solihull 009A,-1.72677,52.451,2
E01010114,Solihull 009E,-1.75247,52.4674,1
E01010119,Solihull 003B,-1.7618,52.5063,1
E01010121,Solihull 001C,-1.77915,52.504,1
E01010123,Solihull 003C,-1.75867,52.5029,4
E01010124,Solihull 003D,-1.76855,52.5034,1
E01010125,Solihull 006A,-1.7367,52.4807,12
E01010127,Solihull 008C,-1.72863,52.4853,1
E01010128,Solihull 008D,-1.72437,52.4746,1
E01010129,Solihull 006B,-1.74387,52.4765,1
E01010131,Solihull 008F,-1.73113,52.4728,1
E01010133,Solihull 011B,-1.78016,52.4468,1
E01010137,Solihull 012B,-1.78692,52.4376,4
E01010139,Solihull 006C,-1.73782,52.489,1
E01010141,Solihull 006D,-1.73915,52.4855,2
E01010142,Solihull 007B,-1.75389,52.4831,1
E01010143,Solihull 007C,-1.74974,52.477,2
E01010145,Solihull 005A,-1.74483,52.4926,1
E01010146,Solihull 004A,-1.7517,52.4967,1
E01010147,Solihull 005B,-1.75105,52.4905,1
E01010148,Solihull 005C,-1.75681,52.4927,2
E01010149,Solihull 005D,-1.75634,52.487,1
E01010158,Solihull 012C,-1.78902,52.4469,4
E01010160,Solihull 012D,-1.79311,52.4438,1
E01010161,Solihull 012E,-1.79886,52.4415,1
E01010169,Solihull 025C,-1.64697,52.389,3
E01010178,Solihull 013D,-1.81053,52.4398,2
E01010181,Solihull 029B,-1.84738,52.3892,3
E01010183,Solihull 029D,-1.8039,52.3758,1
E01010184,Solihull 028B,-1.76089,52.3828,1
E01010191,Solihull 022A,-1.79776,52.4051,4
E01010192,Solihull 019A,-1.78594,52.4073,23
E01010194,Solihull 024C,-1.7809,52.3994,1
E01010198,Solihull 019D,-1.77209,52.4083,8
E01010199,Solihull 018A,-1.81236,52.4115,1
E01010203,Solihull 022C,-1.81586,52.4029,1
E01010204,Solihull 018D,-1.82642,52.4196,3
E01010205,Solihull 018E,-1.81491,52.417,2
E01010206,Solihull 018F,-1.82365,52.4143,1
E01010207,Solihull 024D,-1.79051,52.3957,3
E01010208,Solihull 023A,-1.82402,52.4022,1
E01010209,Solihull 022D,-1.80716,52.3994,7
E01010211,Solihull 023C,-1.82942,52.3965,2
E01010213,Solihull 022E,-1.81318,52.395,5
E01010218,Solihull 021A,-1.86497,52.4083,1
E01010221,Solihull 021C,-1.85162,52.4036,1
E01010223,Solihull 030B,-1.8303,52.4083,1
E01010226,Solihull 016B,-1.76697,52.4145,3
E01010227,Solihull 015C,-1.74965,52.4177,1
E01010230,Solihull 016D,-1.77685,52.4231,1
E01010231,Solihull 016E,-1.78696,52.423,1
E01010237,Solihull 004C,-1.74935,52.4993,1
E01010238,Solihull 004D,-1.73877,52.4949,2
E01010240,Solihull 002D,-1.75636,52.5092,3
E01010241,Walsall 015A,-1.8997,52.6105,3
E01010242,Walsall 015B,-1.91961,52.6166,1
E01010247,Walsall 022C,-1.92487,52.5975,4
E01010249,Walsall 004A,-1.9401,52.6299,1
E01010250,Walsall 004B,-1.91547,52.6418,1
E01010252,Walsall 004C,-1.9275,52.637,1
E01010254,Walsall 004D,-1.92544,52.6276,3
E01010256,Walsall 007D,-1.92699,52.6222,1
E01010258,Walsall 023A,-2.02108,52.5911,1
E01010261,Walsall 033A,-2.02325,52.5808,2
E01010263,Walsall 033B,-2.03387,52.5676,2
E01010265,Walsall 033D,-2.01979,52.5732,1
E01010267,Walsall 021A,-2.01007,52.595,1
E01010268,Walsall 021B,-2.00101,52.5936,1
E01010271,Walsall 017A,-2.00243,52.6049,4
E01010272,Walsall 017B,-1.99558,52.607,1
E01010273,Walsall 017C,-2.0144,52.6071,3
E01010274,Walsall 021C,-2.01357,52.6005,3
E01010275,Walsall 021D,-2.00916,52.5993,1
E01010277,Walsall 013B,-1.98821,52.6054,2
E01010279,Walsall 018B,-1.98217,52.6018,1
E01010282,Walsall 012A,-1.9938,52.6106,2
E01010283,Walsall 013D,-1.98837,52.6107,1
E01010287,Walsall 012B,-2.00002,52.6166,3
E01010288,Walsall 012C,-1.99275,52.6148,1
E01010290,Walsall 006D,-1.99795,52.6328,1
E01010292,Walsall 008A,-2.00782,52.6209,3
E01010294,Walsall 008B,-2.01231,52.6141,2
E01010295,Walsall 017D,-2.00222,52.6096,3
E01010298,Walsall 009C,-2.01821,52.6255,1
E01010299,Walsall 009D,-2.02568,52.6237,1
E01010302,Walsall 002A,-1.91761,52.6521,2
E01010303,Walsall 001B,-1.94333,52.6544,1
E01010305,Walsall 002C,-1.93006,52.6509,1
E01010306,Walsall 001C,-1.94023,52.6468,1
E01010308,Walsall 002D,-1.93056,52.6427,3
E01010309,Walsall 036B,-2.04021,52.5668,1
E01010310,Walsall 038A,-2.04897,52.5631,1
E01010312,Walsall 038B,-2.04585,52.5704,3
E01010314,Walsall 038D,-2.05078,52.56,1
E01010315,Walsall 038E,-2.04871,52.5559,1
E01010318,Walsall 024B,-1.97739,52.5913,1
E01010320,Walsall 016A,-1.93877,52.6141,3
E01010321,Walsall 010B,-1.96078,52.6151,2
E01010322,Walsall 016B,-1.95235,52.6065,1
E01010324,Walsall 016D,-1.96157,52.6043,1
E01010325,Walsall 024C,-1.97013,52.5957,2
E01010326,Walsall 029A,-1.96209,52.5823,1
E01010336,Walsall 034A,-1.99146,52.5675,4
E01010342,Walsall 034D,-1.9801,52.5728,1
E01010343,Walsall 034E,-1.98732,52.5723,2
E01010344,Walsall 034F,-1.98308,52.5691,1
E01010345,Walsall 003A,-1.96707,52.6365,1
E01010347,Walsall 003C,-1.97351,52.6331,2
E01010348,Walsall 005A,-1.97189,52.6275,1
E01010349,Walsall 005B,-1.96476,52.6269,4
E01010353,Walsall 010C,-1.95086,52.622,5
E01010356,Walsall 039C,-1.92059,52.5671,2
E01010362,Walsall 026C,-2.00789,52.5821,1
E01010363,Walsall 026D,-1.99545,52.5822,4
E01010365,Walsall 031C,-1.9993,52.5729,1
E01010368,Walsall 030A,-1.98722,52.5903,21
E01010369,Walsall 024D,-1.97384,52.5859,7
E01010371,Walsall 030C,-1.98376,52.5809,6
E01010373,Walsall 030E,-1.96995,52.573,3
E01010374,Walsall 018D,-1.98867,52.5979,1
E01010375,Walsall 018E,-1.98784,52.5943,2
E01010377,Walsall 020B,-2.05259,52.5969,2
E01010378,Walsall 019A,-2.0241,52.597,4
E01010380,Walsall 020C,-2.04845,52.6031,4
E01010381,Walsall 020D,-2.0418,52.6009,2
E01010382,Walsall 019C,-2.03174,52.6012,1
E01010393,Walsall 014A,-2.04266,52.6042,1
E01010397,Walsall 011B,-2.03686,52.6158,2
E01010400,Walsall 014D,-2.03164,52.6153,1
E01010402,Walsall 027A,-2.03485,52.5863,3
E01010403,Walsall 025B,-2.0452,52.5872,2
E01010404,Walsall 025C,-2.05966,52.5813,4
E01010405,Walsall 027B,-2.04053,52.5823,4
E01010406,Walsall 027C,-2.05205,52.5775,13
E01010407,Walsall 025D,-2.0622,52.5925,1
E01010408,Walsall 025E,-2.0527,52.5904,1
E01010409,Walsall 027D,-2.04144,52.5901,1
E01010410,Wolverhampton 033A,-2.07274,52.5597,3
E01010411,Wolverhampton 033B,-2.05668,52.5513,1
E01010414,Wolverhampton 027A,-2.06172,52.5654,10
E01010415,Wolverhampton 027B,-2.05708,52.572,2
E01010416,Wolverhampton 027C,-2.06774,52.5679,1
E01010420,Wolverhampton 023C,-2.08942,52.5737,4
E01010424,Wolverhampton 022D,-2.07432,52.5776,2
E01010425,Wolverhampton 023D,-2.07787,52.58,1
E01010426,Wolverhampton 035A,-2.13456,52.5751,2
E01010428,Wolverhampton 035B,-2.12481,52.5707,1
E01010430,Wolverhampton 035D,-2.1189,52.5667,1
E01010433,Wolverhampton 035E,-2.1272,52.5749,4
E01010434,Wolverhampton 001A,-2.12263,52.6181,1
E01010435,Wolverhampton 006A,-2.12541,52.6104,2
E01010439,Wolverhampton 001E,-2.10748,52.628,1
E01010440,Wolverhampton 001F,-2.11766,52.6257,1
E01010441,Wolverhampton 001G,-2.10967,52.6211,1
E01010442,Wolverhampton 018A,-2.10308,52.5768,1
E01010443,Wolverhampton 018B,-2.10653,52.5832,3
E01010445,Wolverhampton 018D,-2.10117,52.589,1
E01010446,Wolverhampton 023E,-2.08252,52.5836,1
E01010447,Wolverhampton 018E,-2.09348,52.5858,2
E01010448,Wolverhampton 018F,-2.09527,52.5802,1
E01010449,Wolverhampton 029A,-2.10864,52.5658,2
E01010450,Wolverhampton 029B,-2.08693,52.5677,8
E01010451,Wolverhampton 029C,-2.08859,52.5578,2
E01010452,Wolverhampton 029D,-2.107,52.5701,1
E01010453,Wolverhampton 035F,-2.11525,52.5716,3
E01010454,Wolverhampton 035G,-2.1194,52.5758,1
E01010456,Wolverhampton 004A,-2.10242,52.6171,2
E01010457,Wolverhampton 004B,-2.09097,52.6157,1
E01010459,Wolverhampton 008B,-2.09631,52.6117,3
E01010463,Wolverhampton 020A,-2.13823,52.5767,1
E01010464,Wolverhampton 020B,-2.13921,52.5823,13
E01010465,Wolverhampton 020C,-2.14832,52.5751,1
E01010468,Wolverhampton 026B,-2.15238,52.5728,1
E01010469,Wolverhampton 026C,-2.15647,52.5723,1
E01010470,Wolverhampton 020E,-2.14574,52.5807,4
E01010471,Wolverhampton 015A,-2.10648,52.5963,1
E01010473,Wolverhampton 015C,-2.10869,52.59,1
E01010474,Wolverhampton 012A,-2.08352,52.6032,1
E01010475,Wolverhampton 015D,-2.0936,52.6034,2
E01010476,Wolverhampton 015E,-2.09492,52.5979,1
E01010479,Wolverhampton 011B,-2.10777,52.6045,1
E01010481,Wolverhampton 004D,-2.10661,52.6152,1
E01010482,Wolverhampton 007A,-2.11032,52.6154,1
E01010483,Wolverhampton 007B,-2.11758,52.6134,1
E01010484,Wolverhampton 007C,-2.11174,52.6109,3
E01010485,Wolverhampton 007D,-2.12008,52.6079,3
E01010486,Wolverhampton 011D,-2.11538,52.6066,1
E01010487,Wolverhampton 021A,-2.16721,52.5734,1
E01010490,Wolverhampton 028B,-2.17011,52.5681,1
E01010491,Wolverhampton 028C,-2.17315,52.5628,5
E01010495,Wolverhampton 002A,-2.13271,52.6291,3
E01010496,Wolverhampton 003A,-2.14818,52.6253,3
E01010497,Wolverhampton 002B,-2.14452,52.6275,1
E01010498,Wolverhampton 003B,-2.15255,52.6222,1
E01010500,Wolverhampton 002D,-2.13701,52.6197,4
E01010503,Wolverhampton 006D,-2.13667,52.6081,1
E01010504,Wolverhampton 021D,-2.16257,52.5865,8
E01010505,Wolverhampton 021E,-2.15611,52.581,1
E01010506,Wolverhampton 017A,-2.14639,52.5863,3
E01010508,Wolverhampton 017B,-2.13927,52.588,9
E01010509,Wolverhampton 019A,-2.17748,52.5802,1
E01010511,Wolverhampton 017D,-2.13986,52.5915,3
E01010512,Wolverhampton 017E,-2.15032,52.5897,1
E01010516,Wolverhampton 026D,-2.15766,52.5667,2
E01010517,Wolverhampton 031D,-2.1633,52.5643,1
E01010520,Wolverhampton 030E,-2.14408,52.5596,2
E01010521,Wolverhampton 020F,-2.12412,52.591,47
E01010522,Wolverhampton 013A,-2.13448,52.6014,1
E01010524,Wolverhampton 013C,-2.14685,52.5988,2
E01010525,Wolverhampton 013D,-2.14126,52.5981,4
E01010528,Wolverhampton 016C,-2.13075,52.5939,1
E01010530,Wolverhampton 035H,-2.11909,52.5816,5
E01010531,Wolverhampton 034A,-2.09693,52.5501,1
E01010533,Wolverhampton 032A,-2.11278,52.5615,1
E01010534,Wolverhampton 034C,-2.09579,52.5552,1
E01010535,Wolverhampton 032B,-2.10226,52.5604,1
E01010540,Wolverhampton 009B,-2.16672,52.6031,3
E01010541,Wolverhampton 003C,-2.15421,52.6187,2
E01010543,Wolverhampton 003D,-2.15736,52.6162,1
E01010545,Wolverhampton 009E,-2.15389,52.6059,1
E01010547,Wolverhampton 014B,-2.16843,52.5952,1
E01010549,Wolverhampton 014D,-2.1822,52.5929,2
E01010555,Wolverhampton 005A,-2.06168,52.6139,1
E01010556,Wolverhampton 005B,-2.05301,52.6143,1
E01010562,Wolverhampton 010C,-2.07399,52.6005,1
E01010564,Wolverhampton 012C,-2.08241,52.5951,12
E01010567,Wolverhampton 010E,-2.06629,52.607,4
E01032527,Coventry 035G,-1.45298,52.3904,1
E01032530,Coventry 038F,-1.47826,52.3892,7
E01032531,Coventry 036E,-1.57994,52.395,4
E01032532,Coventry 036F,-1.59503,52.3962,1
E01032533,Coventry 036G,-1.58084,52.3877,4
E01032534,Coventry 037F,-1.50141,52.3891,1
E01032536,Coventry 001F,-1.47407,52.4538,2
E01032538,Coventry 001H,-1.48738,52.4484,3
E01032590,Solihull 030D,-1.83326,52.4153,18
E01032592,Sandwell 039F,-1.96832,52.5359,1
E01032885,Solihull 029F,-1.83613,52.3833,4
E01032886,Solihull 029G,-1.84228,52.3795,2
E01032887,Sandwell 018E,-2.01443,52.5239,2
E01032889,Walsall 013E,-1.97849,52.6179,1
E01033058,Coventry 042F,-1.55197,52.3864,5
E01033187,Dudley 006G,-2.09198,52.5256,1
E01033557,Birmingham 134B,-1.9087,52.4757,8
E01033559,Birmingham 049E,-1.91121,52.4902,2
E01033561,Birmingham 050E,-1.88445,52.4845,22
E01033562,Birmingham 087F,-1.94456,52.4525,66
E01033564,Birmingham 136C,-1.91997,52.4763,3
E01033565,Birmingham 137B,-1.91264,52.4829,5
E01033567,Birmingham 135B,-1.89909,52.4724,3
E01033615,Birmingham 135C,-1.89514,52.475,24
E01033616,Birmingham 135D,-1.90313,52.4738,2
E01033617,Birmingham 050F,-1.89327,52.4853,11
E01033619,Birmingham 137D,-1.91524,52.4856,3
E01033620,Birmingham 138A,-1.8997,52.4814,50
E01033621,Birmingham 035G,-1.90357,52.5122,1
E01033622,Birmingham 138B,-1.90507,52.4831,5
E01033623,Birmingham 138C,-1.90527,52.4863,3
E01033624,Birmingham 134C,-1.90527,52.4714,3
E01033625,Birmingham 138D,-1.90486,52.4778,12
E01033627,Birmingham 137E,-1.91355,52.4799,14
E01033628,Birmingham 041F,-1.89837,52.5029,3
E01033629,Birmingham 106F,-1.9929,52.435,2
E01033630,Birmingham 031H,-1.85212,52.5218,2
E01033631,Birmingham 079F,-1.9212,52.4577,173
E01033632,Birmingham 023F,-1.83213,52.5266,3
E01033634,Birmingham 096G,-1.93014,52.4446,11
E01033637,Birmingham 041G,-1.89219,52.5007,1
E01033638,Birmingham 049F,-1.91123,52.4975,1
E01033639,Birmingham 136D,-1.92261,52.4747,7
E01033640,Birmingham 134E,-1.89967,52.4697,6
E01033642,Birmingham 063F,-1.84079,52.4692,1
E01033643,Birmingham 082F,-1.86225,52.4541,1
E01033644,Birmingham 052F,-1.86046,52.4878,1
E01033645,Birmingham 088E,-1.89818,52.4559,2
E01033646,Birmingham 031I,-1.85027,52.5173,3
E01033647,Birmingham 058E,-1.84722,52.4793,1
